BP10MB[0],BP10MB[1],BP10MB[2],BP10MB[3],BP10MB[4],BP10MB[5],BP10MB[>5],BPArm[0],BPArm[1],BPArm[2],BPArm[3],BPArm[4],BPArm[5],BPArm[6],BPArm[7],BPArm[8],BPArm[9],BPArm[10],BPArm[>10 & <=20],BPArm[>20 & <=30],BPArm[>30],CN[0],CN[1],CN[2],CN[3],CN[4],CN[>4 & <=8],CN[>8],CNCP[0],CNCP[1],CNCP[2],CNCP[3],CNCP[4],CNCP[>4 & <=8],CNCP[>8],OsCN[0],OsCN[1],OsCN[2],OsCN[3],OsCN[4],OsCN[>4 & <=10],OsCN[>10],SS[<=2],SS[>2 & <=3],SS[>3 & <=4],SS[>4 & <=5],SS[>5 & <=6],SS[>6 & <=7],SS[>7 & <=8],SS[>8],NC50[<=2],NC50[3],NC50[4],NC50[5],NC50[6],NC50[7],NC50[>7],BoChr[1],BoChr[2],BoChr[3],BoChr[4],BoChr[5],BoChr[6],BoChr[7],BoChr[8],BoChr[9],BoChr[10],BoChr[11],BoChr[12],BoChr[13],BoChr[14],BoChr[15],BoChr[16],BoChr[17],BoChr[18],BoChr[19],BoChr[20],BoChr[21],BoChr[22],BoChr[23],type
305,4,5,2,0,0,0,40,0,4,0,1,0,0,0,1,0,0,0,0,0,1,10,32,0,0,0,0,17,18,2,0,0,0,0,17,6,0,2,0,0,0,0,0,0,0,5,9,16,13,1,0,0,0,0,0,0,1,1,2,0,1,0,0,0,0,0,0,0,4,1,0,0,0,0,0,0,0,0,1,0
295,10,5,1,3,2,6,33,1,7,0,1,0,0,0,0,0,1,5,0,0,2,53,71,2,0,0,0,12,104,0,0,0,0,0,13,4,1,3,0,1,4,0,1,9,31,26,16,33,12,0,1,0,0,0,0,0,0,11,2,13,6,0,10,6,1,0,0,1,1,1,2,0,0,0,0,0,1,0,1,0
304,9,7,1,0,0,1,40,3,1,1,2,0,0,0,0,0,0,1,0,0,2,15,28,4,7,6,0,15,23,13,0,2,0,0,21,5,3,0,1,1,0,0,0,0,2,14,10,25,11,1,0,0,0,0,0,0,2,0,0,3,0,4,1,1,15,2,0,0,0,0,0,2,1,0,0,0,0,0,1,0
313,3,6,0,0,0,0,42,0,4,2,0,0,0,0,0,0,0,0,0,0,1,12,24,2,0,0,0,18,15,0,0,0,0,0,19,5,1,0,0,0,0,0,0,0,2,4,3,17,13,0,1,0,0,0,0,0,1,0,1,1,2,0,0,1,0,2,4,0,0,0,0,0,1,0,0,0,0,0,1,0
286,7,17,2,0,1,3,29,2,8,0,1,0,3,0,0,0,0,3,0,0,0,13,41,27,6,16,1,9,49,17,11,3,1,0,32,13,2,2,2,0,0,0,0,2,13,29,19,30,11,0,1,0,0,0,0,0,12,1,3,1,0,5,1,6,1,0,0,0,1,13,1,0,2,13,0,0,0,1,2,0
285,10,12,3,3,0,3,28,2,8,3,2,0,1,0,0,0,0,1,1,0,0,19,39,17,11,18,0,6,51,19,10,1,0,0,22,15,5,0,0,2,0,0,0,5,8,26,19,37,9,1,0,0,0,0,0,0,25,2,1,3,3,11,1,2,2,1,0,2,1,0,0,1,5,0,3,0,1,0,1,0
235,29,31,7,4,5,5,19,2,6,1,7,0,1,2,1,1,1,3,1,1,5,99,104,14,2,2,0,3,190,12,0,1,0,0,13,18,3,4,0,2,4,0,0,6,19,71,62,63,5,0,0,1,0,0,0,0,11,37,1,10,5,9,2,5,5,2,2,2,3,1,1,0,11,1,1,2,0,1,10,0
278,20,12,4,0,0,2,30,3,5,0,3,0,2,0,0,1,0,2,0,0,3,32,54,5,0,0,0,8,64,7,0,0,0,0,18,8,1,2,0,1,2,0,4,5,4,14,22,33,12,0,1,0,0,0,0,0,0,1,8,0,6,2,1,1,1,1,0,8,2,0,0,1,2,3,0,0,2,0,1,0
311,4,4,1,2,0,0,38,4,3,0,2,1,0,0,0,0,0,0,0,0,2,9,30,5,1,0,0,14,20,3,0,0,0,0,19,5,0,2,0,0,0,0,0,0,4,7,6,15,15,0,1,0,0,0,0,0,4,1,1,0,0,1,2,1,0,0,1,0,1,1,0,0,2,0,0,0,0,0,1,0
316,5,1,0,0,0,0,45,1,2,0,0,0,0,0,0,0,0,0,0,0,0,4,25,0,1,1,0,20,3,2,2,0,0,0,21,3,0,0,0,0,0,0,0,0,0,2,1,13,15,0,1,0,0,0,0,0,0,0,0,0,0,1,1,0,0,0,0,0,0,0,0,0,1,0,0,0,0,1,1,0
275,19,18,3,2,1,4,25,2,10,2,3,1,4,0,0,0,0,0,0,1,3,8,33,30,48,13,0,6,39,64,4,4,0,0,21,11,6,5,0,5,0,0,1,8,15,26,32,45,8,0,0,0,1,0,0,0,5,11,5,3,3,7,1,5,3,25,1,2,3,3,1,3,4,1,3,1,5,2,5,0
220,26,38,17,12,5,4,13,3,8,0,8,2,2,1,0,1,1,8,0,1,2,87,122,67,13,5,0,2,227,39,6,0,0,0,29,32,9,11,1,9,2,0,1,1,30,101,88,73,2,0,0,1,0,0,0,0,9,43,23,3,4,9,7,16,4,10,5,1,1,5,3,12,3,0,3,2,3,5,2,0
260,31,19,2,1,0,9,21,2,12,2,4,1,2,0,0,0,1,2,0,1,7,69,84,19,6,1,0,5,133,27,0,2,0,0,16,18,7,0,1,5,3,3,7,22,21,30,38,60,5,0,1,0,0,0,0,0,10,4,10,1,4,5,0,4,6,31,1,2,2,7,1,3,3,0,2,0,2,0,4,0
271,18,13,5,4,2,9,32,0,6,0,3,0,2,0,0,0,0,1,2,2,1,34,57,52,41,19,8,9,123,46,4,4,9,2,51,28,3,8,2,5,0,3,3,10,25,69,52,42,8,0,1,0,0,0,0,0,27,1,19,2,1,0,47,26,0,1,2,2,3,0,0,0,2,0,0,2,1,0,18,0
215,23,40,14,9,5,16,13,2,5,3,5,4,0,1,1,2,1,7,3,1,2,93,121,83,46,34,1,2,258,76,18,2,2,0,86,50,14,11,2,6,2,3,7,18,46,126,106,74,0,0,0,1,0,0,0,0,10,71,33,3,8,15,4,23,4,9,4,20,1,5,4,11,3,0,2,5,5,6,12,0
301,6,8,1,0,0,0,36,2,5,1,1,0,1,0,0,0,0,0,0,0,1,5,32,10,0,0,0,14,24,1,0,0,0,0,17,3,0,2,0,1,0,0,0,0,5,4,7,17,15,0,0,1,0,0,0,0,2,0,2,1,0,1,1,2,0,0,0,0,3,1,0,0,1,0,0,0,0,2,0,0
295,12,7,2,0,0,0,27,9,7,3,0,0,0,0,0,0,0,0,0,0,1,17,31,5,1,0,0,8,30,2,0,0,0,0,12,10,1,0,0,0,0,0,0,0,4,5,6,29,11,0,0,0,1,0,0,0,2,1,2,1,1,1,1,3,1,1,0,1,2,0,1,2,3,0,0,0,0,0,1,0
321,0,1,0,0,0,0,47,0,1,0,0,0,0,0,0,0,0,0,0,0,0,3,22,1,0,0,0,23,2,0,0,0,0,0,23,1,0,0,0,0,0,0,0,0,0,1,0,10,15,1,0,0,0,0,0,0,0,0,0,0,0,0,0,0,0,0,0,0,1,0,0,0,0,0,0,0,0,1,1,0
315,3,3,1,0,0,0,44,0,2,0,2,0,0,0,0,0,0,0,0,0,0,7,28,1,0,0,0,20,12,0,0,0,0,0,20,4,0,1,0,0,0,0,0,0,2,2,2,18,12,1,0,0,0,0,0,0,0,0,0,2,2,0,0,0,0,0,0,0,1,1,0,0,0,0,0,0,0,0,1,0
250,14,40,4,6,0,2,18,1,9,2,6,0,3,2,0,0,2,3,0,0,27,46,91,2,1,0,0,4,93,51,0,0,0,0,8,22,2,9,0,7,0,0,0,0,21,46,35,62,3,0,0,0,1,0,0,0,1,10,3,5,9,3,5,3,1,7,3,4,1,1,0,3,5,7,0,2,2,0,1,0
314,5,3,0,0,0,0,43,1,4,0,0,0,0,0,0,0,0,0,0,0,0,5,26,2,2,0,0,20,8,3,0,0,0,0,22,4,0,0,0,0,0,0,0,1,0,2,2,16,14,1,0,0,0,0,0,0,0,0,2,0,0,1,0,3,0,0,0,0,0,0,0,0,0,0,0,0,0,1,1,0
300,5,14,1,2,0,0,34,1,7,0,4,0,2,0,0,0,0,0,0,0,0,25,42,1,0,0,0,13,43,1,0,0,0,0,13,3,2,3,1,2,0,0,1,0,1,13,16,23,14,0,0,1,0,0,0,0,0,1,2,0,2,3,0,2,0,0,0,0,0,0,0,3,4,1,1,0,2,3,1,0
315,1,0,0,0,0,0,45,1,0,0,0,0,0,0,0,0,0,0,0,0,0,2,21,1,0,0,0,22,0,1,0,0,0,0,23,0,0,0,0,0,0,0,0,0,0,0,0,8,16,1,0,0,0,0,0,0,0,0,0,0,0,0,0,0,0,0,0,0,0,0,0,0,2,0,0,0,0,0,1,0
306,8,1,1,0,0,0,37,8,0,0,1,0,0,0,0,0,0,0,0,0,2,4,24,6,0,0,0,14,11,2,0,0,0,0,21,2,0,0,0,0,0,0,0,0,1,4,6,12,13,0,0,1,0,0,0,0,0,1,0,0,1,0,0,0,0,0,0,1,3,1,0,0,0,1,1,0,1,1,1,0
314,4,3,0,0,1,0,43,1,2,1,0,0,1,0,0,0,0,0,0,0,0,8,27,4,0,0,0,19,15,0,0,0,0,0,20,3,0,0,0,1,0,0,0,0,4,1,3,15,16,1,0,0,0,0,0,0,1,2,4,1,1,0,0,0,1,0,0,0,0,1,0,0,0,0,0,0,0,0,1,0
297,7,10,2,1,2,3,37,1,4,0,0,1,1,0,0,0,0,4,0,0,0,36,56,1,1,0,0,14,68,2,0,0,0,0,14,5,0,0,0,2,3,0,0,0,14,22,21,25,12,0,1,0,0,0,0,0,6,3,6,0,0,7,0,0,1,9,1,1,1,0,0,0,0,0,0,1,0,0,1,0
306,5,8,1,1,0,1,36,2,7,1,0,0,1,0,0,1,0,0,0,0,0,5,26,20,4,0,3,15,27,2,0,0,1,4,21,7,0,1,0,1,0,0,0,1,3,12,7,24,11,0,0,1,0,0,0,0,5,5,1,2,1,1,5,0,0,4,1,0,0,0,1,0,2,1,0,0,0,1,1,0
293,11,8,1,1,1,1,28,6,10,0,1,0,0,0,0,0,0,1,0,0,0,16,38,12,4,0,0,9,38,9,0,0,0,0,19,10,2,0,1,0,0,1,0,0,4,16,9,28,12,0,1,0,0,0,0,0,2,10,0,1,0,1,1,4,1,1,3,0,0,1,0,2,2,0,0,2,0,0,1,0
306,4,7,1,2,0,2,40,1,3,0,0,1,1,0,0,0,0,2,0,0,0,5,35,12,8,7,0,16,26,10,7,0,0,0,28,10,1,1,0,0,0,0,0,3,3,15,16,16,14,1,0,0,0,0,0,0,1,0,0,0,0,11,0,3,7,1,4,0,0,0,0,0,1,0,0,1,1,0,1,0
307,5,2,0,2,0,0,40,1,3,1,1,0,0,0,0,0,0,0,0,0,0,11,25,3,1,0,0,18,14,3,0,0,0,0,21,1,0,2,0,0,0,0,0,0,1,3,7,15,14,1,0,0,0,0,0,0,0,0,0,0,0,4,0,2,0,0,0,0,0,1,0,4,1,0,0,0,1,1,1,0
208,23,46,7,9,3,20,12,2,4,4,4,2,0,0,1,2,1,9,3,2,14,13,84,46,94,105,52,1,150,157,31,15,22,10,134,66,15,7,2,3,0,2,7,18,54,143,117,64,3,0,0,1,0,0,0,0,16,4,48,3,6,44,14,9,4,2,46,22,2,9,9,17,7,2,10,25,11,13,1,0
304,6,2,7,0,0,3,39,2,2,0,0,1,1,0,0,1,1,1,0,0,1,13,29,10,9,14,1,16,35,13,3,1,1,0,30,11,1,0,0,1,0,1,0,1,2,18,25,16,14,0,1,0,0,0,0,0,1,0,0,0,0,1,0,13,9,0,0,0,0,1,0,2,9,8,1,0,0,1,1,0
304,10,6,1,1,0,0,36,2,7,1,1,1,0,0,0,0,0,0,0,0,1,12,27,4,6,3,0,13,23,4,2,0,0,0,18,9,1,0,0,0,0,0,0,0,4,10,2,24,13,0,0,1,0,0,0,0,0,1,0,1,3,6,1,1,0,0,3,0,0,0,3,0,1,1,0,2,0,1,1,0
248,24,33,3,3,0,5,17,6,6,4,3,0,2,1,1,2,1,2,0,1,2,9,25,22,46,68,13,2,97,36,14,5,5,5,45,21,6,6,0,3,0,1,2,13,32,41,34,55,7,0,0,0,1,0,0,0,9,8,4,2,15,3,10,11,8,9,33,5,11,3,1,2,10,6,1,2,5,1,1,0
297,13,6,0,0,0,0,33,5,6,1,0,1,0,0,0,0,0,0,0,0,0,4,27,10,2,5,0,13,21,2,2,0,0,0,18,3,0,2,1,0,0,0,0,2,2,3,8,21,12,0,1,0,0,0,0,0,3,0,1,0,2,0,3,7,0,0,0,1,1,1,0,0,0,0,0,0,1,0,1,0
313,1,4,1,1,0,2,40,1,4,0,1,0,0,0,1,0,0,1,0,0,0,5,30,8,10,4,5,17,21,7,0,0,0,10,23,7,3,1,0,0,0,0,0,5,5,17,6,15,14,1,0,0,0,0,0,0,0,0,1,0,2,0,0,17,0,0,0,0,0,0,1,1,0,7,1,0,0,0,1,0
309,4,7,1,1,0,0,38,1,7,0,2,0,0,0,0,0,0,0,0,0,1,11,27,9,1,0,0,14,23,2,0,0,0,0,16,8,1,0,0,0,0,0,0,0,3,7,4,23,12,0,0,1,0,0,0,0,0,0,3,1,0,2,4,2,3,1,0,0,0,1,0,0,1,1,1,0,0,0,1,0
295,13,12,1,1,0,0,29,2,12,4,1,0,0,0,0,0,0,0,0,0,1,19,33,13,2,0,0,8,44,0,0,0,0,0,9,9,4,1,1,0,0,0,0,1,3,11,12,29,12,0,0,0,1,0,0,0,4,2,1,2,1,2,3,1,3,0,4,0,0,2,1,1,0,0,1,2,0,3,1,0
249,25,29,6,4,1,2,15,4,9,6,4,3,0,2,0,1,0,2,0,0,2,9,41,46,39,20,0,2,92,33,7,2,0,0,14,13,5,5,2,6,0,0,0,5,25,26,41,54,6,0,0,0,0,0,1,0,6,2,11,7,5,5,1,7,3,6,6,18,3,6,0,6,3,3,6,5,2,1,4,0
293,6,13,2,1,2,5,31,4,6,0,4,0,0,0,0,0,0,2,0,1,2,18,28,35,25,10,2,10,49,43,0,3,1,0,25,13,2,2,2,3,0,1,4,6,10,30,32,25,12,0,1,0,0,0,0,0,2,1,1,1,1,8,2,2,7,3,3,1,2,2,1,1,3,34,1,1,2,10,2,0
223,38,43,11,0,1,0,12,7,5,5,2,3,1,2,5,2,0,2,0,0,0,47,79,39,9,11,0,2,158,2,0,2,0,0,15,27,8,2,4,5,0,0,1,18,22,18,52,69,5,0,0,0,0,1,0,0,10,4,7,4,5,6,10,12,3,3,2,6,0,4,8,3,1,4,4,2,3,1,4,1
286,20,10,0,0,0,0,29,9,3,3,2,0,0,0,0,0,0,0,0,0,0,24,33,3,2,1,0,8,33,5,2,0,0,0,14,8,2,1,1,0,0,0,0,0,3,6,7,36,11,0,0,0,1,0,0,0,3,3,0,0,1,0,1,3,0,2,3,2,0,1,1,2,2,1,0,3,0,1,1,0
292,12,10,1,1,1,5,31,1,6,3,2,0,1,0,3,0,0,1,0,0,10,37,50,4,1,0,0,12,72,6,0,0,0,0,13,9,0,2,2,1,2,0,0,1,14,23,18,37,9,0,1,0,0,0,0,0,1,1,0,0,1,9,5,4,1,0,5,5,2,0,0,0,0,1,0,1,0,0,15,0
292,15,13,2,0,0,0,28,7,6,3,4,0,0,0,0,0,0,0,0,0,2,14,30,17,3,5,0,10,41,6,0,0,0,0,15,3,1,6,0,1,0,0,0,1,4,12,8,40,6,0,0,1,0,0,0,0,2,3,1,0,3,4,3,9,0,5,1,2,1,2,0,0,1,1,0,1,0,0,1,0
272,12,15,4,2,3,8,29,1,5,1,3,1,1,1,0,1,0,2,0,1,3,57,75,20,2,1,0,6,128,7,0,0,0,0,14,16,3,0,3,2,1,0,0,3,28,41,40,37,9,0,1,0,0,0,0,0,2,2,7,5,3,2,2,2,1,2,0,25,1,0,0,11,1,0,1,5,2,8,1,0
257,18,22,5,4,0,10,19,4,7,2,6,1,2,0,1,0,0,2,0,2,0,6,21,29,58,104,2,3,104,62,16,8,6,1,63,31,6,6,2,2,0,2,2,10,36,61,56,45,8,0,1,0,0,0,0,0,8,9,9,3,4,49,7,41,6,2,3,11,2,3,3,3,9,21,1,1,1,1,2,0
304,9,5,0,1,1,2,35,7,2,1,1,0,0,0,0,0,0,2,0,0,2,17,27,6,2,13,2,14,32,4,0,6,3,0,36,8,1,0,0,0,0,0,0,0,9,11,14,22,13,1,0,0,0,0,0,0,3,0,1,3,0,0,0,0,1,0,0,1,1,1,1,0,13,4,11,0,0,0,1,0
273,9,11,4,4,2,13,27,2,5,1,3,2,1,1,0,0,1,0,1,2,0,45,99,83,51,59,113,9,230,42,31,17,56,51,204,44,10,10,4,6,0,2,4,26,168,161,45,34,10,1,0,0,0,0,0,0,3,2,2,0,3,19,56,0,1,3,240,0,0,0,0,0,1,0,0,13,1,4,3,0
250,17,20,6,8,1,14,18,4,9,1,3,1,1,1,1,1,0,3,0,3,3,71,67,46,27,70,52,0,143,54,26,20,36,34,124,51,7,7,3,2,0,1,1,11,74,126,69,46,8,1,0,0,0,0,0,0,2,3,1,1,45,47,2,7,16,2,111,6,1,6,1,5,5,1,1,1,1,2,2,0
275,23,19,3,0,0,2,30,3,5,3,1,1,1,2,0,0,0,2,0,0,2,3,24,23,18,29,7,13,44,20,4,1,11,2,28,16,1,3,0,0,1,1,1,2,6,16,32,39,9,0,1,0,0,0,0,0,6,4,2,6,20,3,4,13,1,1,3,1,10,1,1,1,1,1,1,1,0,0,0,0
317,5,0,0,0,0,0,45,2,1,0,0,0,0,0,0,0,0,0,0,0,0,5,24,0,0,0,0,21,5,0,0,0,0,0,22,2,0,0,0,0,0,0,0,0,0,1,2,11,15,1,0,0,0,0,0,0,0,1,0,0,0,0,0,0,0,0,0,0,1,1,0,0,0,0,0,0,0,0,1,0
262,25,16,3,3,3,4,22,6,6,2,0,1,3,1,0,0,2,3,0,0,12,8,37,32,28,28,1,2,53,61,7,2,0,0,27,16,6,5,0,0,1,0,2,3,17,32,41,42,9,0,0,0,1,0,0,0,3,7,7,1,2,19,3,13,5,9,7,1,2,1,3,12,2,1,1,3,2,4,1,0
307,1,11,1,1,0,1,34,2,8,2,1,0,0,0,1,0,0,0,0,0,0,3,39,15,0,4,1,13,28,3,5,0,0,2,15,12,1,0,0,1,0,0,0,1,9,12,4,21,15,0,1,0,0,0,0,0,1,1,0,1,0,1,0,2,1,0,0,3,0,0,0,2,3,0,0,5,0,1,1,0
319,1,2,0,0,0,0,45,1,2,0,0,0,0,0,0,0,0,0,0,0,0,4,24,1,0,0,0,21,5,0,0,0,0,0,22,2,0,0,0,0,0,0,0,0,0,3,1,9,16,1,0,0,0,0,0,0,0,1,0,0,1,0,0,0,0,0,0,0,0,1,0,0,0,0,0,0,0,0,1,0
265,35,16,2,3,0,1,18,8,10,5,3,1,2,0,0,0,0,1,0,0,0,22,45,27,13,9,0,3,61,25,4,2,0,0,22,12,2,5,1,0,0,0,0,5,2,14,35,52,8,0,0,0,0,1,0,0,3,3,5,3,3,7,4,4,2,3,1,3,0,1,0,2,13,2,3,2,3,2,1,1
314,5,1,1,1,0,0,44,0,3,0,0,0,0,0,1,0,0,0,0,0,0,9,29,0,0,0,0,20,14,0,0,0,0,0,20,3,0,0,0,1,0,0,0,0,4,1,4,15,14,1,0,0,0,0,0,0,0,0,0,0,0,0,0,0,0,0,4,0,1,0,0,0,0,0,0,0,1,1,1,0
260,15,21,4,6,3,13,27,2,3,1,5,1,0,0,4,0,0,1,1,3,8,112,126,3,0,0,0,8,225,0,0,0,0,0,9,6,0,5,0,6,6,0,0,4,78,57,48,58,4,0,1,0,0,0,0,0,8,4,5,21,28,15,4,2,18,1,2,1,8,2,0,0,0,1,0,0,1,0,1,0
276,18,11,3,3,0,5,28,2,4,1,3,0,4,0,0,1,1,2,0,0,2,16,50,23,10,19,7,8,71,19,0,6,2,6,44,7,6,3,1,1,0,1,2,9,8,36,26,34,11,0,0,1,0,0,0,0,1,0,0,0,0,1,7,3,8,2,0,9,3,3,0,0,3,10,16,0,3,5,3,0
278,8,29,2,2,0,3,23,2,11,3,6,0,1,0,0,0,0,1,0,1,0,12,62,30,24,6,0,6,75,31,4,0,0,0,16,25,3,6,0,2,0,0,0,1,13,44,22,51,3,1,0,0,0,0,0,0,35,3,3,3,3,3,4,2,3,2,0,1,0,1,0,2,0,1,1,0,2,1,1,0
314,1,0,0,1,0,0,44,1,0,0,1,0,0,0,0,0,0,0,0,0,0,4,24,0,0,0,0,21,5,0,0,0,0,0,22,0,0,1,0,0,0,0,0,0,0,1,2,12,13,1,0,0,0,0,0,0,0,0,0,0,0,0,0,0,0,0,0,0,0,0,0,0,2,1,0,0,0,0,1,0
285,10,18,0,2,0,1,29,0,9,2,3,0,1,0,2,0,0,0,0,0,3,30,45,4,1,0,0,9,58,2,0,0,0,0,9,14,0,4,0,2,0,0,0,1,1,21,11,40,9,0,0,0,0,1,0,0,3,0,5,2,1,1,3,1,3,1,3,1,4,0,1,2,3,3,0,0,0,0,1,0
248,17,41,7,6,2,1,17,2,6,5,8,1,1,1,0,2,1,4,0,0,2,49,80,39,15,1,0,4,137,23,1,1,0,0,19,37,5,7,2,2,0,0,0,8,24,42,43,65,4,0,0,0,1,0,0,0,17,4,3,5,8,17,6,9,3,7,2,4,2,0,1,5,3,3,0,0,2,2,2,0
304,6,6,3,2,0,1,39,0,6,0,0,0,0,0,2,0,0,1,0,0,2,19,42,2,0,0,0,15,36,5,0,0,0,0,17,7,0,0,0,3,0,0,0,2,6,12,8,24,13,1,0,0,0,0,0,0,7,1,4,1,1,0,0,0,0,1,0,1,0,1,4,0,0,0,0,0,0,0,1,0
307,3,2,0,0,0,4,41,1,2,0,0,0,0,0,0,0,1,0,0,1,0,5,27,11,9,28,0,19,47,6,2,2,0,0,25,9,0,1,2,2,0,0,1,3,4,30,14,14,14,1,0,0,0,0,0,0,0,0,49,0,0,0,0,0,0,0,0,1,0,0,0,0,0,1,2,0,0,0,0,0
319,2,0,0,1,0,0,45,2,0,1,0,0,0,0,0,0,0,0,0,0,0,5,22,3,0,0,0,21,4,2,0,0,0,0,23,1,0,0,0,0,0,0,0,1,1,2,1,9,16,1,0,0,0,0,0,0,0,3,0,0,0,0,0,0,0,0,0,1,0,1,0,0,0,0,0,0,1,0,1,0
284,14,13,2,4,1,4,27,4,7,3,1,1,1,0,1,1,0,2,0,0,15,25,56,11,5,5,0,9,51,38,2,1,1,0,22,18,1,3,0,3,0,0,0,2,16,27,24,42,6,0,1,0,0,0,0,0,3,0,17,1,3,1,4,10,0,2,5,1,3,3,1,4,0,1,0,0,0,0,1,0
313,8,1,0,0,0,0,41,4,3,0,0,0,0,0,0,0,0,0,0,0,0,7,24,2,1,0,0,18,10,0,0,0,0,0,21,1,1,0,0,0,0,0,0,0,1,0,4,15,14,0,1,0,0,0,0,0,1,0,0,0,0,0,2,1,1,1,0,0,0,0,0,2,0,0,0,0,0,0,1,0
310,3,8,1,0,0,0,40,1,3,2,2,0,0,0,0,0,0,0,0,0,1,10,31,3,1,0,0,16,19,3,0,0,0,0,18,4,0,1,0,1,0,0,0,1,3,5,3,23,11,0,1,0,0,0,0,0,2,3,0,0,0,1,2,0,0,1,0,0,1,2,0,0,0,1,0,0,0,0,1,0
317,1,2,0,1,1,0,44,1,1,0,1,0,0,1,0,0,0,0,0,0,1,6,26,4,1,0,0,21,8,5,1,0,0,0,24,3,1,0,0,0,0,1,1,0,0,5,4,10,17,1,0,0,0,0,0,0,6,0,0,0,0,0,0,0,0,0,0,0,0,3,0,0,0,0,0,0,0,1,1,0
314,2,0,0,0,0,0,45,1,0,0,0,0,0,0,0,0,0,0,0,0,0,2,23,0,0,0,0,21,2,0,0,0,0,0,23,0,0,0,0,0,0,0,0,0,0,0,0,9,16,1,0,0,0,0,0,0,0,0,1,0,0,1,0,0,0,0,0,0,0,0,0,0,0,0,0,0,0,0,0,0
317,1,3,1,0,0,0,45,0,2,0,0,1,0,0,0,0,0,0,0,0,3,4,24,3,0,0,0,20,6,4,0,0,0,0,21,2,0,0,1,0,0,0,0,0,2,2,2,13,15,0,1,0,0,0,0,0,0,1,1,0,3,1,0,0,0,0,0,0,0,1,0,0,0,1,0,0,0,0,1,0
316,3,3,0,0,0,0,42,3,3,0,0,0,0,0,0,0,0,0,0,0,0,6,24,3,0,0,0,19,9,0,0,0,0,0,20,3,0,0,0,0,0,0,0,0,0,4,1,13,15,0,1,0,0,0,0,0,0,0,0,0,0,1,0,2,0,1,0,1,0,1,0,0,0,0,0,0,0,1,1,0
319,2,1,0,0,0,0,47,0,0,1,0,0,0,0,0,0,0,0,0,0,0,5,23,0,0,0,0,22,4,0,0,0,0,0,23,0,1,0,0,0,0,0,0,0,1,0,1,11,15,1,0,0,0,0,0,0,0,0,1,0,0,2,0,0,0,0,0,0,0,0,0,0,0,0,0,0,0,0,1,0
308,10,3,0,1,0,0,39,5,2,0,1,1,0,0,0,0,0,0,0,0,0,8,31,3,2,0,0,17,16,4,0,0,0,0,17,7,0,1,0,0,0,0,0,0,2,4,4,22,12,0,1,0,0,0,0,0,2,0,3,0,0,0,1,0,1,2,1,1,0,0,0,0,0,0,0,0,0,0,1,0
299,13,3,1,0,0,0,33,8,4,0,0,1,0,0,0,0,0,0,0,0,1,13,23,7,1,0,0,11,19,3,0,0,0,0,19,6,0,0,0,0,0,0,0,0,0,2,13,18,12,0,0,1,0,0,0,0,1,1,0,0,0,1,1,0,3,0,0,5,1,1,0,1,2,1,1,0,2,0,1,0
312,4,5,0,1,0,0,42,0,4,1,0,0,0,1,0,0,0,0,0,0,0,6,29,5,2,0,0,20,14,4,0,0,0,0,22,4,2,0,0,0,0,0,0,0,2,6,5,14,15,1,0,0,0,0,0,0,6,0,0,2,0,0,0,0,0,0,0,0,0,0,0,0,0,0,2,1,0,0,1,0
302,9,11,0,0,0,0,30,7,11,0,0,0,0,0,0,0,0,0,0,0,0,12,34,7,2,0,0,12,27,4,0,0,0,0,13,12,0,0,0,0,0,0,0,2,5,7,2,25,14,0,0,0,1,0,0,0,2,2,2,0,2,1,0,2,1,0,0,2,0,0,0,0,1,1,0,0,2,0,1,0
313,0,2,0,0,0,1,43,0,2,0,0,0,0,0,0,0,0,1,0,0,0,0,21,7,1,9,8,20,6,0,0,0,1,16,27,1,2,1,0,0,0,0,1,2,9,5,3,11,15,1,0,0,0,0,0,0,2,1,1,0,0,1,0,17,0,0,0,0,0,1,0,0,0,0,1,0,1,0,0,0
292,17,3,0,0,3,1,31,9,4,0,0,0,0,0,0,0,0,1,1,0,8,15,31,13,13,3,0,9,29,13,13,4,1,0,32,10,1,1,1,0,0,0,3,7,12,8,19,25,9,1,0,0,0,0,0,0,11,0,0,1,1,0,2,1,26,1,1,0,0,2,1,1,0,1,1,0,1,0,1,0
287,10,15,2,4,1,3,27,5,9,1,0,0,1,1,1,0,1,2,0,0,5,1,33,20,29,21,8,10,31,34,6,2,12,8,37,24,1,2,0,0,0,1,1,6,12,29,21,35,12,0,0,1,0,0,0,0,4,9,16,6,1,4,1,1,6,2,1,15,2,1,1,1,3,2,1,2,1,1,1,0
266,19,18,2,1,2,8,18,10,2,4,4,3,1,0,0,0,2,0,0,2,3,51,95,117,105,77,3,5,238,119,52,11,5,3,133,68,18,14,4,3,0,2,22,94,154,96,36,38,9,1,0,0,0,0,0,0,14,3,6,7,2,9,6,1,81,4,4,2,2,1,1,4,187,2,15,2,2,1,0,0
310,9,1,2,0,0,0,42,2,3,0,0,0,0,0,1,0,0,0,0,0,0,0,5,8,27,1,0,18,15,2,0,0,0,0,20,4,0,0,1,0,0,0,0,0,1,4,5,17,14,0,0,0,1,0,0,0,3,1,1,1,1,1,3,1,1,1,1,2,1,8,1,3,1,1,1,1,1,1,0,0
289,6,19,1,4,2,1,29,1,8,1,4,0,1,1,2,0,0,1,0,0,1,27,55,15,3,0,4,8,68,6,0,0,2,5,15,15,1,2,0,2,1,0,0,1,14,28,16,37,9,0,0,1,0,0,0,0,6,2,2,8,5,4,1,2,1,0,1,0,7,2,2,1,0,1,0,3,0,0,1,0
278,15,8,3,2,5,5,26,6,3,1,1,0,2,3,1,0,0,2,1,0,7,37,39,22,5,21,9,4,73,19,3,11,10,1,51,15,1,1,0,3,0,0,2,5,20,32,38,33,10,0,1,0,0,0,0,0,3,5,0,0,8,1,1,5,4,0,1,1,4,1,1,1,3,6,12,0,15,26,3,0
319,0,1,0,0,0,2,46,0,1,0,0,0,0,0,0,0,0,0,1,0,2,14,37,0,1,0,0,22,24,6,0,0,0,0,22,1,0,2,0,0,1,0,0,0,8,17,3,14,12,1,0,0,0,0,0,0,14,0,0,0,0,0,0,0,0,1,0,0,0,0,0,0,0,0,0,0,0,0,1,0
322,0,0,0,0,0,0,48,0,0,0,0,0,0,0,0,0,0,0,0,0,0,2,22,0,0,0,0,24,0,0,0,0,0,0,24,0,0,0,0,0,0,0,0,0,0,0,0,8,16,1,0,0,0,0,0,0,0,0,0,0,0,0,0,0,0,0,0,0,0,0,0,0,0,0,0,0,0,0,1,0
315,3,3,0,1,0,0,43,3,0,1,0,0,1,0,0,0,0,0,0,0,3,5,14,11,4,0,0,19,10,3,0,0,0,0,21,2,0,0,0,1,0,0,0,0,1,3,4,16,13,0,1,0,0,0,0,0,0,0,1,1,1,0,1,1,3,0,1,1,0,2,0,0,1,0,0,1,1,1,7,0
296,10,14,1,1,0,0,31,6,5,1,2,1,2,0,0,0,0,0,0,0,3,25,38,3,0,0,0,12,45,0,0,0,0,0,15,7,2,2,0,2,0,0,0,0,1,13,13,30,12,0,0,1,0,0,0,0,4,1,0,0,0,2,1,3,5,1,2,0,0,0,0,1,4,4,0,0,1,0,1,0
318,3,1,0,0,0,0,44,3,1,0,0,0,0,0,0,0,0,0,0,0,0,5,23,1,0,0,0,21,5,0,0,0,0,0,22,1,0,0,0,0,0,0,0,0,0,1,2,11,15,1,0,0,0,0,0,0,0,0,0,0,0,0,0,2,0,0,1,0,0,1,0,0,0,0,0,0,0,0,1,0
260,22,26,2,3,3,0,19,4,8,2,4,4,1,0,2,2,0,0,0,0,0,1,23,33,44,29,0,3,66,35,4,2,0,0,20,23,2,2,1,2,0,0,0,4,8,32,25,55,6,0,0,0,0,0,1,0,9,9,3,6,2,6,5,12,1,2,1,6,8,5,3,3,4,5,9,5,1,1,1,0
309,3,1,2,0,1,0,41,0,1,3,0,1,0,0,0,0,0,0,0,0,0,8,28,3,0,0,0,18,16,0,0,0,0,0,18,1,3,0,1,0,0,0,0,1,0,3,6,13,16,0,1,0,0,0,0,0,1,2,2,0,1,2,0,3,0,0,0,0,0,0,0,0,0,0,0,0,0,0,0,0
313,1,2,0,0,0,0,44,0,1,1,0,0,0,0,0,0,0,0,0,0,1,1,25,0,1,0,0,21,2,3,0,0,0,0,21,2,0,0,0,0,0,0,0,0,1,0,2,10,15,1,0,0,0,0,0,0,0,1,0,0,0,0,0,0,0,0,0,0,2,0,0,0,0,0,0,0,0,0,0,0
299,12,8,2,1,0,0,34,2,9,0,2,0,0,0,1,0,0,0,0,0,1,20,40,0,1,0,0,13,36,2,0,0,0,0,13,9,0,2,1,1,0,0,0,1,4,6,10,32,9,0,0,1,0,0,0,0,2,5,1,0,1,0,2,1,2,0,1,0,0,0,0,0,0,1,3,0,1,0,1,0
302,9,10,0,1,0,0,35,2,10,0,0,0,0,0,1,0,0,0,0,0,2,10,33,7,1,4,0,12,19,8,4,0,2,0,12,12,1,0,1,0,0,0,0,0,3,13,4,26,11,0,1,0,0,0,0,0,0,1,0,0,1,2,5,1,5,1,1,0,1,0,0,1,0,1,0,0,0,0,1,0
297,8,9,3,1,1,3,35,4,4,1,1,1,0,0,0,0,0,1,1,0,1,12,35,12,7,15,6,13,32,13,2,9,3,5,40,12,1,1,0,0,0,0,5,1,6,20,20,22,14,1,0,0,0,0,0,0,0,1,0,0,1,0,4,25,0,0,9,1,0,1,0,2,4,0,0,0,1,2,1,0
297,11,5,1,2,1,5,34,1,5,0,0,1,1,2,0,2,0,1,1,0,3,26,38,21,9,11,6,12,52,18,7,0,8,5,43,11,3,3,2,0,0,0,0,4,13,44,14,25,14,0,1,0,0,0,0,0,0,1,1,5,1,0,0,11,21,1,1,1,1,0,1,4,9,15,0,0,1,0,1,0
314,2,6,0,0,0,0,41,0,7,0,0,0,0,0,0,0,0,0,0,0,0,9,29,0,0,0,0,18,14,0,0,0,0,0,18,5,0,1,0,0,0,0,0,0,2,2,4,18,12,0,1,0,0,0,0,0,1,0,0,0,0,0,1,0,0,0,1,0,0,0,0,2,1,0,0,0,0,1,1,0
314,2,0,0,0,0,0,45,1,0,0,0,0,0,0,0,0,0,0,0,0,0,1,23,1,0,0,0,21,2,0,0,0,0,0,23,0,0,0,0,0,0,0,0,0,0,0,0,10,15,1,0,0,0,0,0,0,0,0,1,0,1,0,0,0,0,0,0,0,0,0,0,0,0,0,0,0,0,0,0,0
268,26,19,3,0,0,0,21,3,10,7,2,2,1,0,0,0,0,0,0,0,5,30,42,15,2,2,0,5,61,8,1,3,0,0,12,12,4,2,1,1,0,0,0,1,3,17,20,48,7,0,0,0,0,1,0,0,3,3,3,0,4,0,2,7,2,4,2,0,1,1,1,3,2,3,4,0,3,5,1,0
320,0,1,1,0,0,0,46,0,1,1,0,0,0,0,0,0,0,0,0,0,1,4,24,0,0,0,0,22,4,1,0,0,0,0,23,1,0,0,0,0,0,0,0,0,0,3,0,10,16,1,0,0,0,0,0,0,0,1,0,0,0,0,0,0,0,0,0,0,0,0,0,0,0,0,0,0,0,2,1,0
166,21,72,14,21,13,15,8,1,2,1,2,4,4,0,5,1,3,11,5,1,21,142,197,102,25,16,1,1,424,39,7,6,3,1,58,46,12,17,10,22,1,1,2,12,74,167,154,94,0,0,0,0,0,0,1,0,43,21,20,7,16,9,22,9,18,16,20,13,5,8,3,10,18,14,8,4,4,10,8,0
307,6,2,1,0,0,0,42,0,2,0,1,1,0,0,0,0,0,0,0,0,0,6,29,1,0,0,0,19,13,0,0,0,0,0,19,4,0,0,1,0,0,0,0,0,0,2,3,16,15,1,0,0,0,0,0,0,2,1,0,1,0,0,0,0,0,0,0,0,0,0,3,0,0,0,0,0,0,0,0,0
316,2,3,1,0,0,0,43,1,3,0,1,0,0,0,0,0,0,0,0,0,1,5,27,2,0,0,0,19,9,2,0,0,0,0,20,3,0,1,0,0,0,0,0,0,1,3,2,17,12,0,1,0,0,0,0,0,2,1,0,0,0,1,0,0,0,0,0,0,0,1,0,0,0,0,0,0,0,1,1,0
223,37,24,9,7,2,20,13,5,3,3,4,1,2,1,4,0,1,6,3,2,2,21,65,90,67,117,18,2,201,77,35,18,17,8,114,56,13,7,2,1,1,5,13,30,62,101,96,69,4,0,0,0,1,0,0,0,21,12,9,22,18,5,20,10,32,6,52,8,2,1,2,9,8,38,6,20,4,8,1,0
259,17,30,8,3,1,4,19,1,8,5,3,2,4,2,1,0,1,2,0,0,4,58,70,33,4,3,0,2,130,16,1,1,0,0,11,14,4,5,0,5,1,0,1,3,16,37,52,60,3,0,0,0,0,1,0,0,4,15,7,4,5,4,11,4,9,5,1,3,4,1,4,4,1,3,3,1,3,2,3,0
300,8,13,0,1,0,0,32,1,11,2,2,0,0,0,0,0,0,0,0,0,0,8,32,14,3,5,0,11,35,0,3,0,0,0,12,13,2,1,0,0,0,0,0,0,4,12,6,28,12,0,0,0,1,0,0,0,4,2,2,0,1,0,3,3,2,1,1,2,0,1,0,0,1,0,1,3,0,1,1,0
271,17,20,4,4,0,0,26,2,7,1,6,0,2,0,0,0,0,2,0,0,2,29,58,13,4,2,0,10,75,7,2,1,0,0,23,9,2,4,0,4,0,0,1,2,8,15,34,41,7,0,1,0,0,0,0,0,1,3,3,2,3,0,10,6,5,0,0,2,9,0,3,1,0,0,0,0,0,1,1,1
317,1,4,0,0,0,0,44,0,4,0,0,0,0,0,0,0,0,0,0,0,0,3,26,0,2,2,0,20,1,4,2,2,0,0,21,4,0,0,0,0,0,0,0,0,3,1,1,13,15,1,0,0,0,0,0,0,0,0,0,0,0,0,2,0,0,0,0,0,0,0,0,0,1,0,0,1,0,1,1,0
297,12,11,0,2,0,0,33,2,7,1,3,1,1,0,0,0,0,0,0,0,0,24,40,2,0,0,0,11,41,1,0,0,0,0,15,7,0,2,0,2,0,0,0,0,7,7,9,33,10,0,0,0,1,0,0,0,1,0,4,0,2,3,0,3,1,0,1,0,2,1,0,2,1,1,1,1,0,0,1,0
300,8,4,3,2,1,4,37,0,1,0,4,0,1,0,2,0,1,2,0,0,2,40,59,1,0,0,0,14,78,0,0,0,0,0,14,2,1,4,0,3,2,0,0,0,22,24,17,27,12,0,0,1,0,0,0,0,0,6,5,2,6,2,4,0,5,1,0,8,2,0,0,0,0,0,0,0,0,0,1,0
292,20,9,0,1,0,0,29,8,8,0,1,0,1,1,0,0,0,0,0,0,0,2,19,18,20,7,0,10,18,22,1,1,0,0,18,5,0,2,0,1,0,0,0,1,5,9,4,36,11,0,0,0,0,1,0,0,7,5,3,1,3,2,3,1,1,3,1,1,1,1,1,4,2,1,2,2,1,1,0,0
238,32,33,7,5,1,0,13,7,5,4,6,2,4,2,1,0,1,1,0,0,6,5,42,37,55,22,0,1,78,56,9,0,1,0,29,17,6,2,1,4,0,0,0,1,14,29,62,56,5,0,0,0,0,1,0,0,6,13,9,6,18,11,11,7,5,2,2,1,3,1,5,9,0,2,2,7,2,2,1,0
264,26,27,3,1,0,1,19,7,7,4,5,1,2,1,0,2,0,0,0,0,3,36,54,27,2,1,0,3,88,11,0,0,0,0,14,12,4,5,3,1,0,0,0,2,19,12,27,56,7,0,0,0,0,1,0,0,6,3,8,6,6,0,2,3,1,7,3,1,1,2,2,2,3,2,2,1,4,1,2,0
280,18,10,4,3,0,1,31,0,5,3,2,0,2,2,0,0,0,1,0,0,11,29,47,1,3,0,0,9,52,15,0,1,0,0,15,11,1,3,0,1,1,0,0,5,6,15,23,32,10,0,1,0,0,0,0,0,10,2,2,0,7,0,1,0,0,6,1,2,1,1,0,3,1,5,0,0,0,1,1,0
315,1,4,2,0,0,0,41,1,5,1,0,0,0,0,0,0,0,0,0,0,3,7,28,0,1,0,0,17,9,5,0,1,0,0,20,4,0,0,0,0,0,0,0,0,4,4,1,17,13,0,1,0,0,0,0,0,0,0,0,1,2,0,0,1,0,1,1,2,0,0,0,0,0,0,0,0,1,0,1,0
316,0,0,0,0,0,0,46,0,0,0,0,0,0,0,0,0,0,0,0,0,0,1,22,0,0,0,0,23,0,0,0,0,0,0,23,0,0,0,0,0,0,0,0,0,0,0,0,10,13,1,0,0,0,0,0,0,0,0,0,0,0,0,0,0,0,0,0,0,0,0,0,0,0,0,0,0,0,0,1,0
294,6,7,1,0,2,12,37,0,5,0,1,0,1,0,0,0,0,2,1,1,3,19,33,24,63,103,92,13,122,32,18,44,97,0,145,43,10,4,2,6,0,0,5,34,114,114,36,19,15,1,0,0,0,0,0,0,3,8,2,0,1,0,2,265,2,0,1,1,0,0,0,0,1,0,15,0,0,1,1,0
306,6,9,1,0,0,0,35,2,8,3,0,0,0,0,0,0,0,0,0,0,1,12,28,8,2,0,0,14,21,6,0,0,0,0,15,7,2,0,1,0,0,0,0,0,2,9,4,23,13,0,0,1,0,0,0,0,3,1,0,1,2,2,1,3,0,0,0,1,0,3,0,2,0,1,0,0,0,1,1,0
304,7,10,1,0,0,0,36,3,6,0,2,0,1,0,0,0,0,0,0,0,0,10,26,10,6,2,0,12,28,1,0,1,0,0,19,10,0,0,0,0,0,0,0,0,9,3,6,24,12,0,1,0,0,0,0,0,7,2,1,0,4,0,3,2,0,3,0,1,0,1,1,0,0,0,0,0,1,0,0,0
302,6,10,3,1,0,0,32,5,7,0,2,2,0,0,0,0,0,0,0,0,0,12,30,10,5,6,0,13,30,4,2,1,2,0,14,12,2,1,0,0,0,1,1,0,3,11,7,28,12,0,1,0,0,0,0,0,6,0,0,0,1,10,0,4,2,0,1,1,0,0,1,2,2,0,2,0,0,0,1,0
270,23,15,3,6,0,5,26,5,4,3,4,1,0,0,0,0,0,4,1,0,3,3,49,22,54,14,5,7,35,74,9,1,1,6,22,13,6,2,1,0,2,0,1,6,11,42,37,46,7,0,0,1,0,0,0,0,19,14,8,1,11,7,1,1,2,1,5,1,5,4,3,1,2,2,3,1,2,2,4,0
319,1,1,0,1,0,0,46,0,1,0,1,0,0,0,0,0,0,0,0,0,1,4,25,0,1,0,0,22,3,4,0,0,0,0,22,3,0,0,0,0,0,0,0,0,0,4,1,10,16,1,0,0,0,0,0,0,0,1,0,0,0,0,0,0,0,0,0,0,0,0,0,0,0,0,0,0,0,3,1,0
314,2,0,0,0,0,0,44,2,0,0,0,0,0,0,0,0,0,0,0,0,0,2,22,1,0,0,0,21,2,0,0,0,0,0,23,0,0,0,0,0,0,0,0,0,0,0,0,9,16,1,0,0,0,0,0,0,0,0,1,0,1,0,0,0,0,0,0,0,0,0,0,0,0,0,0,0,0,0,1,0
294,11,9,2,2,3,1,34,3,5,1,1,0,2,0,0,0,0,2,0,0,2,28,39,14,5,0,0,10,54,10,0,0,0,0,21,11,2,1,1,1,0,0,0,4,4,17,20,33,10,0,1,0,0,0,0,0,4,9,1,2,0,1,1,1,1,0,0,14,3,1,1,1,1,1,4,0,1,0,1,0
220,27,50,7,7,1,4,11,1,7,3,5,5,5,3,0,2,0,4,0,0,3,6,32,27,92,69,0,2,87,98,18,2,1,0,19,46,6,9,0,5,0,2,1,10,36,42,56,80,2,0,0,0,0,1,0,0,21,19,6,8,6,22,20,5,7,12,5,9,5,2,6,10,7,4,12,1,4,5,1,0
276,20,19,2,2,1,2,22,5,9,3,5,0,1,0,1,1,1,0,0,0,2,7,30,28,31,16,0,4,46,30,12,2,0,0,15,16,4,2,2,1,0,1,3,7,13,16,15,50,9,0,0,0,0,1,0,0,9,5,2,3,3,6,3,7,2,12,2,4,6,1,4,1,1,2,3,3,1,0,3,0
293,16,7,0,0,0,0,36,2,5,1,2,0,0,0,0,0,0,0,0,0,3,9,33,4,4,0,0,12,16,14,0,0,0,0,15,7,1,0,0,1,0,0,0,0,1,8,3,30,11,0,0,1,0,0,0,0,0,1,1,0,0,1,2,4,1,0,2,3,0,0,0,2,0,0,0,2,1,0,0,0
314,2,0,0,0,0,0,45,1,0,0,0,0,0,0,0,0,0,0,0,0,0,1,23,1,0,0,0,22,2,0,0,0,0,0,22,1,0,0,0,0,0,0,0,1,0,0,0,12,12,1,0,0,0,0,0,0,0,0,0,0,0,0,1,0,0,0,0,0,0,0,0,0,0,0,0,0,0,0,1,0
314,0,2,0,0,0,0,44,0,2,0,0,0,0,0,0,0,0,0,0,0,0,1,25,1,0,0,0,21,4,0,0,0,0,0,21,2,0,0,0,0,0,0,0,0,1,1,1,9,15,1,0,0,0,0,0,0,0,0,0,0,0,0,1,0,0,0,1,0,0,0,0,0,0,0,0,0,0,0,0,0
307,3,7,2,1,0,2,39,0,4,0,4,0,0,0,0,0,0,0,1,0,0,24,46,1,1,0,0,17,46,2,0,0,0,0,17,4,0,3,0,1,1,0,0,2,16,15,3,24,12,1,0,0,0,0,0,0,0,2,3,0,13,2,0,0,0,0,0,2,1,0,1,0,0,0,0,0,0,0,1,0
291,16,6,6,1,2,0,32,4,5,2,2,0,2,0,0,0,0,1,0,0,3,25,35,7,6,5,3,9,41,6,5,2,4,2,27,6,1,1,1,1,0,0,0,0,5,18,15,35,11,0,1,0,0,0,0,0,1,0,3,1,7,0,0,2,1,5,1,4,5,0,1,0,2,12,0,0,1,0,1,0
223,21,44,9,9,3,13,18,1,3,1,1,4,2,1,3,4,2,6,1,1,10,58,111,61,40,39,8,3,216,48,19,10,9,1,59,51,3,13,3,6,1,1,3,15,58,98,70,78,4,0,0,0,1,0,0,0,26,7,11,8,6,7,10,9,26,7,5,0,5,4,6,8,41,2,2,9,0,4,12,0
317,3,1,1,0,0,0,45,0,2,0,1,0,0,0,0,0,0,0,0,0,1,6,25,0,0,0,0,21,8,0,0,0,0,0,21,3,0,0,0,0,0,0,0,0,0,1,3,14,14,1,0,0,0,0,0,0,0,0,0,0,0,1,0,0,0,0,1,0,3,0,0,0,0,0,0,0,0,0,1,0
312,3,1,0,0,0,0,43,1,2,0,0,0,0,0,0,0,0,0,0,0,0,3,25,0,0,0,0,20,5,0,0,0,0,0,21,2,0,0,0,0,0,0,0,0,0,2,1,10,15,1,0,0,0,0,0,0,0,0,0,0,0,0,0,0,0,0,0,0,1,1,0,0,0,0,0,0,0,1,0,0
304,6,4,0,0,1,1,37,4,3,0,0,1,0,0,0,1,0,0,0,0,1,12,27,6,2,0,0,15,21,2,2,0,0,0,18,3,0,0,1,1,0,0,0,0,2,10,6,13,17,0,1,0,0,0,0,0,2,0,0,4,0,2,1,2,0,0,0,0,0,0,0,1,5,0,0,0,3,0,1,0
240,18,40,6,10,2,0,14,2,10,2,6,1,3,2,2,0,1,3,0,0,8,76,97,7,1,0,0,1,156,10,0,0,0,0,5,13,3,3,1,6,4,0,0,0,15,62,39,70,3,0,0,0,0,1,0,0,4,4,7,2,2,3,10,8,6,2,11,5,6,1,8,0,4,1,1,1,1,3,2,0
299,11,2,1,0,0,3,37,5,1,1,0,1,0,0,0,0,0,0,0,1,2,20,38,21,17,0,0,12,57,15,3,0,0,0,40,14,2,0,0,1,0,1,2,5,11,35,8,23,13,1,0,0,0,0,0,0,1,0,44,1,1,3,0,2,0,0,0,1,0,0,1,1,1,0,0,0,0,1,3,0
305,9,2,0,0,0,0,37,5,4,0,0,0,0,0,0,0,0,0,0,0,0,6,26,2,2,0,0,14,12,1,0,0,0,0,19,3,0,0,0,0,0,0,0,0,1,4,2,16,13,0,0,1,0,0,0,0,1,0,1,0,0,0,0,0,2,1,1,1,0,0,1,0,1,0,0,0,1,0,0,0
313,4,4,1,0,0,0,41,2,4,1,0,0,0,0,0,0,0,0,0,0,0,0,5,7,18,9,0,17,4,10,0,0,1,0,19,6,0,0,0,0,0,0,0,1,3,2,1,18,14,0,0,0,0,1,0,0,1,1,3,1,1,4,3,1,2,3,1,1,1,1,1,2,1,1,2,1,1,1,0,0
305,7,1,1,0,0,2,39,3,2,0,0,0,0,1,0,0,0,1,0,0,0,8,26,8,5,9,1,17,18,7,3,3,3,0,29,7,1,0,0,0,0,0,0,1,3,12,12,15,14,1,0,0,0,0,0,0,16,0,1,0,1,0,0,0,1,0,0,0,0,0,0,0,9,0,0,0,0,0,3,0
302,3,7,2,2,0,0,36,0,5,2,1,1,1,0,0,0,0,0,0,0,1,7,33,9,3,1,0,14,26,4,1,0,0,0,16,8,2,1,0,0,0,0,0,0,3,11,8,21,11,0,0,1,0,0,0,0,1,0,3,0,3,0,4,1,0,0,0,0,3,3,0,0,0,0,1,0,0,2,0,0
315,3,4,0,0,0,0,42,1,5,0,0,0,0,0,0,0,0,0,0,0,0,8,27,0,0,0,0,18,11,0,0,0,0,0,19,5,0,0,0,0,0,0,0,0,0,3,4,13,15,0,0,1,0,0,0,0,0,1,1,0,0,0,0,0,0,0,0,0,1,1,0,0,1,0,0,0,0,1,1,0
313,1,1,0,0,1,0,44,0,1,0,0,1,0,0,0,0,0,0,0,0,0,6,25,0,0,0,0,20,8,0,0,0,0,0,21,1,0,0,1,0,0,0,0,0,0,2,3,10,16,1,0,0,0,0,0,0,0,0,1,0,0,0,0,3,0,0,0,0,0,0,0,0,0,1,0,0,0,1,0,0
292,10,9,1,0,1,3,32,2,5,2,1,0,0,1,0,0,0,3,0,0,1,23,36,9,4,9,12,11,56,7,4,0,3,1,29,10,3,2,0,1,0,1,4,7,6,25,14,24,13,0,1,0,0,0,0,0,14,0,7,2,2,2,0,2,4,0,0,13,0,0,1,0,3,1,0,1,0,6,0,0
307,4,4,1,0,0,0,40,1,3,2,0,0,0,0,0,0,0,0,0,0,2,3,29,1,3,0,0,17,6,9,0,0,0,0,18,5,0,0,0,0,0,0,0,0,1,6,2,16,13,0,1,0,0,0,0,0,0,1,1,0,0,0,1,0,0,0,0,0,2,2,0,0,0,0,0,0,0,2,0,0
293,9,8,1,2,1,2,37,2,1,2,1,1,0,0,0,0,0,1,1,0,2,16,37,11,2,5,3,13,38,10,0,4,1,0,23,9,2,2,1,0,0,0,3,5,6,8,16,26,12,1,0,0,0,0,0,0,2,0,0,0,0,1,11,1,3,2,0,1,0,11,0,1,3,0,0,0,3,0,0,0
311,3,1,0,0,0,1,42,1,2,0,0,0,1,0,0,0,0,0,0,0,0,2,26,1,1,1,3,19,4,1,0,0,4,2,22,3,0,0,0,0,0,0,0,0,2,3,2,12,15,1,0,0,0,0,0,0,0,5,0,0,0,0,0,0,1,1,0,0,0,0,0,0,0,1,0,0,0,0,0,0
256,23,33,3,1,0,0,18,2,14,2,5,1,1,0,2,0,0,1,0,0,2,28,54,19,16,6,0,4,46,43,9,2,2,0,14,26,4,6,0,0,0,0,0,4,15,24,16,62,4,0,0,0,1,0,0,0,1,8,4,9,4,7,3,2,3,1,3,1,5,1,0,7,3,3,3,0,0,2,1,1
130,8,60,6,38,7,67,6,0,0,0,2,0,1,1,3,0,2,11,8,12,6,56,352,360,106,85,12,0,788,111,26,12,13,4,158,115,24,22,11,34,4,0,2,25,258,404,194,93,1,0,0,0,0,0,1,0,93,31,55,13,20,32,17,26,19,39,30,39,4,21,18,19,45,14,29,29,7,21,4,0
312,2,2,0,0,0,0,44,1,0,0,0,1,0,0,0,0,0,0,0,0,2,0,25,1,1,0,0,21,2,4,0,0,0,0,24,1,0,0,0,0,0,0,0,0,1,1,2,9,16,1,0,0,0,0,0,0,0,3,0,0,0,0,0,0,0,0,0,0,0,1,0,0,0,0,0,0,0,0,0,0
320,1,1,0,0,0,0,46,1,1,0,0,0,0,0,0,0,0,0,0,0,0,3,21,3,0,0,0,22,3,0,0,0,0,0,23,1,0,0,0,0,0,0,0,0,0,2,0,9,16,0,1,0,0,0,0,0,0,1,0,0,1,0,1,0,0,0,0,0,0,1,0,0,0,0,0,0,0,0,1,0
262,18,24,5,2,1,4,24,5,4,1,3,1,3,1,0,1,1,1,1,0,11,43,57,27,6,7,0,6,103,16,2,3,4,0,30,22,5,4,2,2,0,1,4,6,11,35,40,44,10,0,1,0,0,0,0,0,4,4,4,15,3,0,5,1,25,0,1,1,7,1,0,3,8,3,0,3,0,3,3,0
225,30,31,9,8,5,8,15,3,7,2,0,6,1,4,1,0,0,4,2,1,1,11,32,51,54,81,36,2,123,69,17,13,15,6,79,44,5,4,4,2,0,1,1,18,33,54,85,71,3,0,0,0,1,0,0,0,27,4,13,6,14,5,30,9,24,4,32,23,1,6,5,1,8,7,3,2,5,2,3,0
252,18,33,1,11,3,4,19,1,6,4,2,2,4,0,3,2,1,4,0,0,14,65,93,25,8,2,0,6,162,19,2,0,0,0,16,24,5,5,4,5,2,0,0,6,48,51,35,61,6,0,0,0,1,0,0,0,2,5,16,4,8,7,7,7,19,0,4,0,1,3,0,13,4,0,5,4,2,0,2,0
320,2,0,0,0,0,0,46,2,0,0,0,0,0,0,0,0,0,0,0,0,1,0,1,5,11,8,0,22,2,0,0,0,0,0,24,0,0,0,0,0,0,0,0,0,0,0,0,11,15,0,0,0,0,0,0,1,2,1,1,1,1,1,1,1,1,1,1,2,1,1,1,1,1,1,1,1,1,1,0,0
102,34,60,27,28,24,41,5,0,1,1,1,0,1,2,1,2,2,15,7,8,3,95,252,219,183,300,42,0,640,256,58,39,62,16,304,151,43,21,12,23,1,8,22,74,292,306,306,86,0,0,0,1,0,0,0,0,34,37,83,17,132,29,147,43,20,24,102,18,13,6,18,9,23,29,18,14,9,12,5,0
295,13,5,1,2,0,0,34,6,3,0,1,0,1,0,0,1,0,0,0,0,1,18,27,4,3,4,0,12,22,4,0,1,7,0,17,7,1,1,0,1,0,0,0,2,2,4,11,25,13,0,1,0,0,0,0,0,7,0,2,0,2,1,0,0,1,1,1,1,0,7,1,0,1,2,0,0,0,3,0,0
281,10,23,0,2,0,0,27,4,6,1,4,0,4,0,0,0,0,0,0,0,11,24,49,3,0,0,0,8,45,19,0,0,0,0,11,15,2,3,1,1,0,0,0,3,16,11,8,44,5,0,0,0,1,0,0,0,0,2,4,0,2,3,5,1,0,1,5,2,1,4,0,2,0,1,1,0,2,1,1,0
317,3,2,0,0,0,0,45,0,3,0,0,0,0,0,0,0,0,0,0,0,1,14,15,1,0,0,0,20,7,0,0,0,0,0,21,3,0,0,0,0,0,0,0,0,0,1,1,14,15,0,0,0,0,1,0,0,2,1,1,0,0,1,0,1,0,1,1,1,0,0,0,1,0,1,0,0,1,1,2,0
220,27,42,5,5,6,11,13,0,7,3,6,3,3,0,1,0,0,8,2,0,6,30,68,86,63,25,4,2,152,98,1,4,4,0,43,35,5,11,5,8,0,0,2,13,28,81,81,70,7,0,0,0,0,1,0,0,11,7,2,26,3,9,11,5,2,13,10,17,3,20,4,14,10,21,6,1,0,4,15,0
306,7,3,0,0,0,0,40,3,1,1,1,0,0,0,0,0,0,0,0,0,0,5,15,11,3,2,0,17,10,3,0,0,0,0,22,3,0,0,0,0,0,0,0,0,0,4,2,15,15,0,1,0,0,0,0,0,7,1,0,1,1,0,2,1,0,1,0,0,0,0,1,0,3,1,0,0,1,0,1,0
301,8,5,2,0,0,0,37,3,2,3,0,0,1,0,0,0,0,0,0,0,1,12,30,4,0,0,0,14,24,0,0,0,0,0,17,4,3,0,0,0,0,0,0,0,1,5,9,18,14,0,1,0,0,0,0,0,1,1,0,0,2,1,0,0,4,0,0,1,0,0,0,1,3,3,0,0,0,0,0,0
303,7,6,4,0,1,1,41,2,1,0,1,0,0,0,0,1,0,2,0,0,3,23,30,12,2,4,0,17,29,18,2,0,1,0,25,8,0,2,0,2,0,0,1,2,4,16,17,20,14,1,0,0,0,0,0,0,0,0,2,1,0,0,0,0,3,0,0,21,0,6,0,0,1,8,0,0,0,0,1,0
289,14,11,5,2,0,1,25,5,8,3,5,0,0,2,0,0,0,0,0,0,3,16,35,25,10,1,0,6,55,11,0,0,0,0,12,15,4,2,1,0,0,0,0,0,14,17,11,38,10,0,0,0,0,1,0,0,4,1,5,3,1,3,3,1,2,5,1,1,1,1,5,0,1,4,2,6,1,1,2,0
282,17,7,3,2,2,9,30,8,3,0,0,1,0,0,0,0,1,2,2,1,1,5,44,14,45,47,24,9,57,58,14,5,8,14,75,20,5,1,0,3,0,0,1,5,27,67,35,35,10,0,1,0,0,0,0,0,24,2,1,1,1,1,10,1,1,3,1,1,1,12,37,1,2,7,2,23,1,0,2,0
237,20,38,8,5,2,6,14,2,6,2,6,3,5,2,1,0,1,4,0,0,2,14,60,23,50,60,8,0,54,59,53,13,5,10,57,34,5,7,1,0,0,3,7,6,10,74,51,60,6,0,0,0,0,1,0,0,13,5,5,5,7,6,8,2,4,14,21,2,12,8,1,10,5,1,14,8,1,2,3,0
289,12,13,4,2,2,0,30,3,7,2,2,0,0,1,2,1,0,0,0,0,5,29,49,6,3,0,0,8,53,11,4,0,0,0,15,11,2,3,1,1,0,0,1,3,4,16,20,39,9,0,0,0,1,0,0,0,0,1,1,4,5,0,4,1,2,5,2,3,4,0,0,3,1,0,0,0,1,0,3,0
274,12,12,4,7,5,8,29,1,5,0,1,0,3,0,1,2,0,5,0,1,4,88,109,6,0,0,0,9,183,0,0,0,0,0,10,5,0,1,0,4,6,0,0,7,57,51,40,44,8,0,1,0,0,0,0,0,7,4,24,16,11,1,5,9,3,3,1,1,3,0,0,0,0,7,0,0,0,0,1,0
322,0,0,0,0,0,0,48,0,0,0,0,0,0,0,0,0,0,0,0,0,0,2,22,0,0,0,0,24,0,0,0,0,0,0,24,0,0,0,0,0,0,0,0,0,0,0,0,8,16,1,0,0,0,0,0,0,0,0,0,0,0,0,0,0,0,0,0,0,0,0,0,0,0,0,0,0,0,0,1,0
305,12,5,0,0,0,0,35,7,5,0,1,0,0,0,0,0,0,0,0,0,0,1,6,9,25,3,2,12,10,8,2,0,2,0,19,5,0,1,0,0,0,0,0,0,0,6,6,21,13,0,0,0,0,0,1,0,3,2,1,2,2,1,3,1,5,1,2,1,2,2,2,3,1,2,1,1,1,1,0,0
252,21,24,7,4,1,7,17,2,8,2,4,3,1,2,1,1,0,5,0,0,6,23,62,61,28,13,0,3,122,31,15,2,0,0,31,19,5,4,3,4,1,1,5,22,25,25,51,57,7,0,0,0,0,1,0,0,10,3,2,2,9,0,8,16,8,18,2,1,12,2,1,8,4,9,8,3,1,4,0,0
315,0,1,0,0,0,0,45,0,1,0,0,0,0,0,0,0,0,0,0,0,0,0,24,0,1,0,0,22,0,2,0,0,0,0,22,1,0,0,0,0,0,0,0,0,0,1,1,7,16,1,0,0,0,0,0,0,0,0,0,0,0,1,0,0,0,0,0,0,0,0,0,0,0,0,0,0,0,0,0,0
245,30,30,9,5,2,1,14,3,11,4,4,2,3,1,1,2,0,3,0,0,5,13,30,58,43,28,0,4,107,37,7,2,0,0,30,28,8,5,2,1,0,0,2,10,25,31,35,67,7,0,0,0,0,0,1,0,14,10,2,8,6,3,5,8,9,8,5,18,9,5,1,8,4,7,6,1,2,1,6,0
280,9,9,7,2,1,8,29,6,1,1,0,1,0,1,2,0,2,1,1,1,1,27,44,25,13,48,8,9,90,31,8,4,10,0,54,24,5,1,0,3,0,0,4,11,23,48,36,35,9,1,0,0,0,0,0,0,0,0,43,0,0,6,1,33,7,2,1,4,0,0,1,0,10,4,1,0,1,0,8,0
291,17,7,1,3,0,3,34,8,1,1,1,0,1,1,0,0,0,0,0,1,1,32,28,26,7,3,0,13,35,34,2,0,2,0,30,6,1,1,0,3,0,0,1,5,1,23,23,32,12,1,0,0,0,0,0,0,11,0,1,6,0,0,2,2,1,0,36,1,0,0,0,3,1,2,0,0,1,0,1,0
317,2,3,0,0,0,0,45,0,2,1,0,0,0,0,0,0,0,0,0,0,0,5,24,2,1,0,0,20,6,2,0,0,0,0,21,2,1,0,0,0,0,0,0,0,0,3,1,13,15,0,1,0,0,0,0,0,0,0,2,0,0,0,1,1,0,0,0,1,0,0,0,0,0,0,0,0,0,1,1,0
308,7,0,1,0,0,0,41,2,2,1,0,0,0,0,0,0,0,0,0,0,0,4,26,2,1,0,0,18,8,1,1,0,0,0,20,2,0,0,0,0,0,0,0,0,1,3,0,15,14,1,0,0,0,0,0,0,0,0,1,0,0,0,0,2,0,0,1,0,0,2,0,0,0,0,0,0,0,1,0,0
308,7,3,0,1,1,2,41,0,4,0,0,0,1,0,1,0,0,1,0,0,0,18,37,4,0,0,0,16,33,2,0,0,0,0,17,4,0,0,0,2,1,0,0,0,11,7,7,22,12,0,1,0,0,0,0,0,0,0,6,0,0,1,3,4,0,1,0,1,3,1,0,0,0,0,0,0,0,0,1,0
315,0,1,0,0,0,0,45,0,1,0,0,0,0,0,0,0,0,0,0,0,0,2,23,0,0,0,0,22,2,0,0,0,0,0,22,1,0,0,0,0,0,0,0,0,0,1,0,11,13,1,0,0,0,0,0,0,0,0,1,0,0,0,0,0,0,0,0,0,0,0,0,0,0,0,0,0,0,0,1,0
309,5,6,1,1,0,0,41,3,2,1,0,0,0,0,0,0,0,1,0,0,1,4,24,8,7,4,0,19,23,1,0,0,0,0,22,4,2,0,1,0,0,0,1,0,1,5,11,15,15,1,0,0,0,0,0,0,0,1,0,0,1,0,0,0,0,3,0,0,0,0,0,0,15,2,0,0,0,0,1,0
95,52,58,33,27,20,31,5,0,1,0,0,2,5,1,4,2,0,14,6,6,4,45,150,201,175,165,3,0,526,149,32,8,5,0,144,123,32,21,4,14,0,4,1,54,105,174,316,89,0,0,0,0,0,1,0,0,57,77,42,13,42,30,34,42,17,10,25,30,8,7,18,16,14,14,6,46,12,7,26,1
123,42,55,42,31,10,13,7,1,0,2,3,1,2,4,0,3,1,14,5,3,3,19,111,169,117,150,9,0,440,86,22,3,4,0,89,73,30,13,5,16,2,2,5,69,90,88,231,93,0,0,0,0,0,1,0,0,33,63,37,11,24,25,29,38,30,12,37,24,7,7,7,8,6,19,5,17,8,8,12,1
309,5,1,0,0,0,1,40,4,0,1,0,0,0,0,1,0,0,0,0,0,0,4,27,5,1,1,0,17,11,2,2,0,0,0,22,1,1,1,0,0,0,0,2,1,1,2,7,12,13,1,0,0,0,0,0,0,5,0,2,0,0,0,0,0,0,0,0,0,1,0,0,1,1,0,0,0,1,0,0,0
315,5,2,0,0,0,0,43,2,3,0,0,0,0,0,0,0,0,0,0,0,0,6,26,0,1,0,0,19,7,2,0,0,0,0,20,4,0,0,0,0,0,0,0,0,0,2,2,18,11,0,1,0,0,0,0,0,0,0,0,0,0,1,0,0,1,0,0,0,1,1,0,0,0,0,0,0,0,1,1,0
279,17,14,3,3,1,5,26,4,4,2,2,0,6,1,0,0,0,3,0,0,5,56,73,2,3,1,0,7,105,7,2,2,0,0,8,13,1,2,1,2,4,1,0,3,21,40,27,40,8,0,0,1,0,0,0,0,1,3,7,1,1,1,2,9,2,6,10,6,3,1,0,1,0,10,0,1,0,0,1,0
296,7,10,0,0,0,3,34,5,3,0,1,0,2,0,0,0,0,1,0,0,0,18,23,3,12,12,1,14,22,5,13,3,3,0,28,9,1,2,0,0,0,0,0,2,7,14,12,22,12,1,0,0,0,0,0,0,2,0,0,1,0,22,1,13,0,0,2,0,1,0,1,1,0,0,0,0,0,1,1,0
311,3,1,1,0,0,0,42,3,0,0,0,1,0,0,0,0,0,0,0,0,0,7,23,1,0,0,0,19,8,0,0,0,0,0,22,0,0,0,1,0,0,0,0,1,0,0,4,11,15,1,0,0,0,0,0,0,0,0,1,3,1,0,0,0,0,1,0,0,0,1,0,0,0,0,0,0,0,0,1,0
305,7,4,0,0,0,0,39,2,3,2,0,0,0,0,0,0,0,0,0,0,0,7,28,2,1,0,0,17,13,2,0,0,0,0,19,5,1,0,0,0,0,0,0,1,0,2,4,15,16,1,0,0,0,0,0,0,3,2,1,1,0,0,0,0,0,0,0,0,0,1,0,0,1,0,0,0,0,0,1,0
313,1,5,3,0,0,0,43,0,1,2,0,1,0,1,0,0,0,0,0,0,0,8,32,4,0,0,0,19,20,0,0,0,0,0,19,1,2,0,1,1,0,0,0,0,1,6,9,16,12,1,0,0,0,0,0,0,0,0,2,1,4,0,0,0,0,0,0,0,0,0,0,0,0,0,0,0,0,0,3,0
296,8,5,1,2,1,3,32,3,4,3,1,0,1,1,0,0,0,1,0,0,4,28,37,5,1,0,2,11,47,2,1,0,4,0,20,9,0,3,0,2,0,0,0,0,7,19,16,20,15,1,0,0,0,0,0,0,1,1,0,2,0,3,2,1,7,0,0,0,0,2,0,0,1,14,0,2,0,1,3,0
302,9,3,1,1,0,0,39,1,2,2,1,0,1,0,0,0,0,0,0,0,0,11,30,1,0,3,0,16,18,0,0,4,0,0,17,4,1,1,0,1,0,0,0,0,3,5,4,20,13,0,1,0,0,0,0,0,4,1,1,0,2,3,0,2,0,0,0,2,0,0,0,0,0,0,0,0,0,0,0,0
282,13,21,2,0,1,3,27,4,9,2,1,0,1,0,2,0,0,1,1,0,0,22,49,21,13,15,2,7,71,18,3,4,2,0,33,13,3,2,0,1,1,0,0,0,10,32,30,41,9,0,1,0,0,0,0,0,25,4,1,2,6,7,0,10,1,1,1,0,2,0,1,1,4,1,3,0,0,1,1,0
183,61,32,16,9,2,13,10,1,5,1,3,6,1,4,3,0,4,6,1,1,4,7,25,51,84,135,33,0,166,77,27,12,15,19,126,53,10,1,1,3,0,0,7,16,30,75,122,88,1,0,0,0,1,0,0,0,22,15,24,6,18,17,12,70,12,7,30,9,8,4,7,11,8,4,6,8,8,5,3,0
248,23,23,3,5,1,13,23,2,5,2,6,0,0,0,1,1,0,2,2,2,0,4,48,51,55,118,90,4,131,93,44,16,28,31,163,59,12,3,0,1,0,0,3,10,103,135,63,44,8,1,0,0,0,0,0,0,5,3,3,3,99,38,27,5,1,3,86,1,6,11,2,8,1,1,6,2,1,4,2,0
315,3,4,0,0,0,0,42,2,4,0,0,0,0,0,0,0,0,0,0,0,0,5,27,2,1,0,0,19,9,2,0,0,0,0,21,3,1,0,0,0,0,0,0,0,2,2,0,15,16,1,0,0,0,0,0,0,0,2,1,0,0,0,2,0,0,0,0,0,0,0,0,0,1,0,0,0,0,0,1,0
300,10,8,0,0,0,4,36,4,3,2,0,0,1,0,0,0,0,2,0,0,0,8,24,14,13,16,3,12,15,20,11,4,4,0,28,12,1,0,1,0,0,0,0,4,10,15,13,26,10,1,0,0,0,0,0,0,3,1,0,0,3,1,3,16,0,1,1,1,0,0,0,0,13,0,0,0,7,2,1,0
280,18,16,5,2,0,1,25,4,10,1,2,1,2,2,0,0,0,1,0,0,3,9,28,35,19,14,3,6,55,23,0,5,3,1,17,19,4,1,0,2,0,0,1,11,11,14,22,42,10,0,0,0,0,1,0,0,5,3,1,2,3,3,4,1,2,7,2,1,1,4,1,3,14,5,6,7,1,2,4,0
295,6,12,0,2,0,1,34,0,6,0,4,0,1,0,0,1,0,0,0,0,3,18,34,11,0,1,0,12,41,2,1,0,0,0,16,11,0,4,0,0,0,0,1,3,3,10,11,28,11,0,0,1,0,0,0,0,0,2,1,4,1,0,0,3,9,1,3,1,1,1,1,0,0,2,0,1,0,0,2,0
302,11,7,0,1,0,1,35,2,6,1,3,0,1,0,0,0,0,0,0,0,0,10,33,11,2,3,0,12,26,7,1,1,0,0,17,8,1,1,0,0,0,0,0,2,4,5,8,29,11,0,0,1,0,0,0,0,1,2,1,2,0,2,1,0,0,0,2,5,3,1,0,0,0,3,0,1,0,0,1,0
294,9,18,0,1,0,0,29,4,9,2,2,0,2,0,0,0,0,0,0,0,2,4,14,24,19,10,0,9,25,23,0,1,0,0,15,14,4,0,0,0,0,1,0,2,7,12,7,34,10,0,0,0,0,0,1,0,4,4,5,3,1,2,4,4,1,5,4,1,6,1,1,0,2,1,2,3,2,2,0,0
250,18,21,4,6,2,15,23,3,3,1,2,0,1,2,3,1,2,2,2,1,3,68,90,33,35,56,36,9,192,46,25,10,16,9,112,34,9,5,1,7,1,0,1,6,54,114,102,36,8,1,0,0,0,0,0,0,5,0,23,0,0,2,0,2,7,26,5,10,0,5,0,0,122,11,1,0,5,1,6,0
311,8,2,0,1,0,0,42,2,3,0,1,0,0,0,0,0,0,0,0,0,0,9,26,2,2,1,0,18,13,0,3,0,0,0,21,4,0,1,0,0,0,0,0,0,0,5,2,19,14,1,0,0,0,0,0,0,0,0,0,0,0,2,0,0,0,1,0,1,0,0,0,0,1,0,6,0,0,1,1,0
292,4,11,1,3,1,4,36,0,7,0,1,0,0,0,0,0,0,0,1,1,0,10,34,20,25,16,0,13,45,33,1,3,0,0,33,13,3,2,0,2,0,0,3,4,5,31,29,19,14,1,0,0,0,0,0,0,32,0,1,1,3,0,0,5,0,1,0,1,0,0,0,0,3,0,21,2,1,0,0,0
260,12,34,7,4,0,5,20,1,9,2,5,1,4,0,1,1,2,2,0,0,19,54,91,1,12,0,0,5,101,49,1,2,0,0,16,31,6,5,1,4,0,0,1,7,36,37,28,61,7,0,0,0,1,0,0,0,3,14,3,2,8,4,3,6,3,3,7,8,3,9,0,0,1,3,1,0,2,0,1,0
314,2,0,0,0,0,0,45,1,0,0,0,0,0,0,0,0,0,0,0,0,0,1,23,1,0,0,0,21,2,0,0,0,0,0,23,0,0,0,0,0,0,0,0,0,0,0,0,8,17,1,0,0,0,0,0,0,1,0,0,0,0,0,0,0,0,0,0,0,0,0,0,1,0,0,0,0,0,0,0,0
253,27,21,7,2,1,5,16,4,10,4,0,7,1,0,0,0,0,3,0,1,2,49,66,38,8,13,8,4,130,23,0,2,6,0,36,19,9,3,5,3,0,1,3,9,24,38,45,59,5,0,1,0,0,0,0,0,7,15,6,2,4,3,7,10,1,1,37,1,3,1,3,9,2,3,0,0,2,0,1,1
285,13,7,5,1,1,4,32,2,3,2,1,1,0,1,1,1,0,1,1,0,0,39,61,7,1,0,0,13,80,5,0,0,0,0,13,4,2,1,1,3,3,1,2,2,11,20,37,22,13,1,0,0,0,0,0,0,0,1,0,7,6,0,17,0,0,0,1,0,0,0,0,2,4,4,1,3,0,0,1,0
316,0,0,0,0,0,0,46,0,0,0,0,0,0,0,0,0,0,0,0,0,0,0,23,0,0,0,0,23,0,0,0,0,0,0,23,0,0,0,0,0,0,0,0,0,0,0,0,7,16,1,0,0,0,0,0,0,0,0,0,0,0,0,0,0,0,0,0,0,0,0,0,0,0,0,0,0,0,0,0,0
315,0,1,0,0,0,0,45,0,1,0,0,0,0,0,0,0,0,0,0,0,0,1,24,0,0,0,0,22,2,0,0,0,0,0,22,1,0,0,0,0,0,0,0,0,0,0,2,7,16,1,0,0,0,0,0,0,0,0,0,0,0,0,0,0,0,0,0,0,0,0,0,0,1,0,0,0,0,0,0,0
316,0,0,0,0,0,0,46,0,0,0,0,0,0,0,0,0,0,0,0,0,0,0,23,0,0,0,0,23,0,0,0,0,0,0,23,0,0,0,0,0,0,0,0,0,0,0,0,7,16,1,0,0,0,0,0,0,0,0,0,0,0,0,0,0,0,0,0,0,0,0,0,0,0,0,0,0,0,0,0,0
301,7,9,1,3,0,1,33,2,8,0,2,0,2,0,1,0,0,0,0,0,0,25,44,1,0,0,0,13,46,0,0,0,0,0,14,4,0,3,0,4,0,0,0,1,7,8,15,26,13,0,0,1,0,0,0,0,4,0,4,2,2,3,0,3,0,0,1,0,0,1,0,1,2,1,0,0,0,0,1,0
271,12,26,2,4,3,4,24,0,10,0,6,0,1,0,3,0,1,3,0,0,0,68,88,1,0,0,0,7,133,0,0,0,0,0,7,7,0,2,0,5,4,0,1,9,13,33,51,40,10,0,0,1,0,0,0,0,11,1,5,3,0,2,5,7,1,6,1,11,4,0,0,2,2,1,0,4,1,0,1,0
312,5,5,0,0,0,0,41,1,5,0,1,0,0,0,0,0,0,0,0,0,0,8,29,0,2,0,0,18,12,3,0,0,0,0,19,3,0,2,0,0,0,0,0,1,1,2,5,17,13,0,1,0,0,0,0,0,0,0,2,0,1,0,0,0,0,0,0,0,0,2,0,0,1,1,0,0,1,0,1,0
193,26,30,12,13,9,33,12,1,4,0,4,3,3,4,0,0,2,6,2,5,0,68,112,167,104,97,8,3,386,85,24,11,13,14,128,66,15,15,9,15,0,2,13,33,89,184,168,64,3,0,0,1,0,0,0,0,17,39,60,1,3,23,42,19,12,9,7,25,62,4,1,22,13,2,2,8,0,0,73,0
306,5,3,0,0,0,2,40,2,1,1,0,0,0,1,0,0,1,0,0,0,0,9,21,4,8,5,0,20,11,5,7,1,0,0,24,1,1,0,1,1,0,0,0,1,3,7,7,15,14,1,0,0,0,0,0,0,0,0,0,0,0,0,0,10,0,0,3,0,0,0,0,12,0,0,0,0,0,1,0,0
233,35,39,3,5,1,0,16,2,5,4,5,7,2,1,2,0,0,2,0,0,2,56,80,22,7,3,0,3,141,6,0,0,0,0,13,24,3,4,1,4,1,0,1,14,29,11,39,74,2,0,0,0,0,1,0,0,6,9,4,7,6,1,3,8,4,3,4,7,10,3,2,1,1,0,0,4,2,1,4,1
290,7,11,5,2,0,1,32,2,2,3,2,1,2,1,0,0,1,0,0,0,0,23,40,13,6,0,0,12,49,9,1,0,0,0,22,2,2,1,0,5,0,0,3,4,0,12,23,30,10,0,1,0,0,0,0,0,10,0,0,1,3,5,0,9,1,0,0,0,3,1,0,2,1,0,4,1,0,1,0,0
215,43,35,10,10,2,1,9,3,8,6,6,3,1,1,0,1,2,6,0,0,3,52,78,55,20,17,0,0,166,30,4,2,0,0,26,32,9,7,3,4,0,1,1,7,21,46,67,79,3,0,0,0,0,1,0,0,12,6,13,19,9,13,10,13,3,6,6,4,3,4,1,3,4,7,3,2,1,2,3,1
299,9,3,1,0,1,3,36,5,2,0,1,0,0,0,0,0,0,0,2,0,0,10,28,15,10,10,16,15,30,16,4,1,13,2,54,7,2,0,0,0,0,0,0,3,17,24,10,22,13,1,0,0,0,0,0,0,2,3,0,1,0,1,0,31,0,0,20,0,0,0,1,2,0,0,0,0,0,0,0,0
309,5,2,0,0,0,0,40,3,3,0,0,0,0,0,0,0,0,0,0,0,0,3,24,4,1,0,0,18,8,1,0,0,0,0,19,2,0,0,0,0,0,0,0,0,0,1,3,11,17,1,0,0,0,0,0,0,2,0,0,0,0,0,0,1,0,0,0,1,0,0,0,2,2,0,0,0,0,0,0,0
171,52,39,21,15,5,13,8,3,1,2,2,4,3,3,3,2,1,11,2,1,6,37,94,113,85,73,5,0,283,67,24,7,7,2,88,55,24,10,1,6,1,2,9,29,54,75,159,85,0,0,0,0,0,1,0,0,9,15,15,32,41,10,29,19,10,10,22,9,6,12,14,4,24,4,11,7,4,1,11,1
290,13,16,1,1,1,0,27,5,9,1,3,1,2,0,0,0,0,0,0,0,4,19,38,12,8,0,0,7,45,12,0,0,0,0,15,17,1,1,0,0,0,1,1,1,5,19,12,31,11,0,0,0,1,0,0,0,3,5,1,1,1,4,2,2,4,2,1,2,0,3,0,4,0,0,1,0,0,2,4,0
317,4,0,0,1,0,0,45,0,2,0,1,0,0,0,0,0,0,0,0,0,0,6,26,0,0,0,0,21,8,0,0,0,0,0,21,2,0,1,0,0,0,0,0,0,2,0,3,14,13,1,0,0,0,0,0,0,0,0,0,0,1,0,0,0,0,0,0,0,0,2,0,0,0,0,0,0,1,0,1,0
309,7,0,0,0,0,0,39,7,0,0,0,0,0,0,0,0,0,0,0,0,0,5,21,4,0,0,0,17,6,1,0,0,0,0,22,0,0,0,0,0,0,0,0,0,0,0,1,15,14,0,1,0,0,0,0,0,0,0,0,0,1,0,1,2,0,0,0,0,0,0,0,0,2,0,1,1,0,0,1,0
305,4,6,1,0,0,0,39,3,2,0,1,0,1,0,0,0,0,0,0,0,0,6,23,5,3,5,0,18,13,5,0,1,0,0,20,2,1,2,0,0,0,0,0,0,4,4,4,17,13,1,0,0,0,0,0,0,3,1,0,0,2,0,0,12,0,0,0,1,0,0,0,0,0,0,0,0,0,0,0,0
320,0,2,0,0,0,0,46,0,2,0,0,0,0,0,0,0,0,0,0,0,0,4,24,0,0,0,0,22,4,0,0,0,0,0,22,2,0,0,0,0,0,0,0,0,0,2,0,10,16,1,0,0,0,0,0,0,0,1,0,0,0,0,0,0,0,0,0,0,0,0,0,0,0,0,0,0,0,1,1,0
206,27,63,6,11,4,5,10,2,4,1,8,3,1,3,2,3,3,7,1,0,4,22,32,71,50,83,32,3,76,59,39,28,48,20,40,86,7,5,2,0,0,1,10,32,37,37,86,89,2,0,0,0,0,0,1,0,17,6,13,11,9,11,18,22,12,14,29,13,6,3,7,8,14,11,7,17,1,0,12,0
222,12,65,2,15,0,6,14,0,8,0,8,1,0,3,4,0,4,4,2,0,16,39,109,33,17,49,12,4,73,58,39,18,54,9,47,73,6,10,0,0,0,1,14,41,25,33,75,84,2,0,0,0,1,0,0,0,9,5,9,4,6,6,5,25,1,10,21,3,7,6,4,8,19,1,3,2,1,0,10,0
235,12,54,6,5,3,7,12,1,7,2,10,2,3,1,3,0,1,5,1,0,15,43,94,32,21,35,6,2,107,59,19,18,18,1,38,60,5,9,1,1,0,0,8,27,18,49,70,72,2,0,0,0,1,0,0,0,3,3,19,6,3,3,6,29,3,6,13,4,4,2,1,3,9,0,8,12,3,2,9,0
197,28,46,19,11,8,13,10,2,4,1,2,3,3,5,3,2,1,8,3,1,1,5,22,44,63,181,79,1,144,86,65,26,45,5,159,64,9,5,2,1,0,1,0,3,38,124,153,75,1,0,0,0,1,0,0,0,42,30,18,13,13,6,11,15,5,10,61,21,8,7,9,35,15,2,8,19,7,2,15,0
228,12,59,7,12,0,4,11,0,8,2,12,1,4,1,2,0,1,5,1,0,7,52,71,69,25,26,1,1,98,77,34,14,4,0,6,65,2,7,3,3,2,2,16,39,32,20,66,74,2,0,0,0,0,1,0,0,8,14,18,12,5,14,3,9,7,10,6,22,7,6,4,6,5,2,3,3,6,2,7,0
174,20,72,17,22,2,15,8,0,5,1,4,2,3,2,1,3,4,12,2,1,9,38,73,86,98,103,34,1,196,73,60,43,36,9,71,101,7,10,2,8,0,1,10,43,57,96,148,86,0,0,0,0,0,0,1,0,34,22,24,15,18,20,18,31,23,11,33,11,5,3,21,15,26,3,9,6,9,2,8,0
208,23,58,16,10,2,5,8,1,5,5,5,3,3,1,7,1,0,9,0,0,1,21,72,90,58,43,8,1,183,54,24,4,4,0,37,47,5,13,1,8,0,2,1,5,34,66,104,80,1,0,0,0,0,0,0,1,15,9,16,7,11,5,17,9,6,13,6,14,4,15,6,12,9,3,10,15,2,6,10,0
196,19,70,10,14,0,13,11,2,3,4,6,1,4,0,1,1,3,10,0,2,5,34,44,93,62,103,46,1,104,88,59,30,40,42,72,95,10,11,0,2,0,3,16,60,44,75,97,91,1,0,0,0,0,1,0,0,42,21,22,12,13,15,15,5,23,6,22,19,5,8,10,8,50,5,19,6,7,6,3,0
155,41,72,21,22,9,2,8,1,1,2,3,5,3,3,4,2,2,11,3,0,51,122,122,61,22,35,5,1,242,70,38,25,17,2,77,83,12,17,1,5,0,1,10,49,42,51,167,97,1,0,0,0,0,0,1,0,32,22,13,31,7,7,14,10,14,13,27,17,3,4,15,9,13,13,5,10,2,2,12,1
146,54,56,30,25,6,5,7,1,2,2,2,2,2,1,6,1,3,18,1,0,16,116,159,96,38,15,1,1,325,61,27,2,2,0,79,62,18,12,6,9,0,0,0,1,16,103,226,94,1,0,0,0,0,0,0,1,28,17,17,13,6,9,16,18,15,13,19,16,7,12,9,13,4,6,7,14,4,6,12,1
219,5,71,6,13,5,3,11,2,5,0,5,1,7,1,6,1,3,6,0,0,36,53,100,40,15,39,5,2,85,101,37,18,20,3,34,75,3,13,1,2,0,1,15,53,36,26,68,87,2,0,0,0,1,0,0,0,22,5,9,6,9,7,9,26,4,20,19,7,7,7,4,7,7,3,2,1,0,1,5,0
231,9,62,2,15,1,2,14,0,6,0,8,1,8,1,4,0,1,5,0,0,46,28,102,24,13,23,4,2,58,88,36,12,20,2,15,66,0,13,1,2,0,4,8,44,34,19,52,78,1,0,0,0,0,1,0,0,10,11,11,5,3,11,7,19,4,5,4,1,4,3,6,9,4,5,1,1,0,9,4,0
231,10,61,4,7,1,8,13,1,10,2,5,0,5,1,3,3,0,4,0,1,8,22,56,42,64,46,30,1,62,67,44,20,31,20,42,71,1,8,1,2,0,0,9,36,34,42,69,77,1,0,0,0,0,1,0,0,25,11,10,17,5,4,10,14,11,9,17,8,5,5,2,6,32,7,3,2,3,3,2,0
273,19,19,3,2,2,4,24,3,12,1,0,2,0,1,0,1,1,3,0,0,3,40,47,14,9,22,2,7,75,6,6,19,5,2,27,15,6,4,2,2,0,0,0,1,11,32,44,41,8,1,0,0,0,0,0,0,9,0,2,1,1,4,0,31,1,3,1,0,1,0,1,15,11,2,1,3,1,1,0,0
165,27,72,21,24,3,10,9,1,1,2,4,1,3,4,2,2,1,16,2,0,26,112,158,88,33,22,0,1,323,63,22,2,5,0,40,91,9,17,3,11,0,0,8,43,50,94,138,106,0,0,0,0,0,0,1,0,24,26,17,16,8,15,14,20,10,10,10,24,6,6,6,8,21,7,4,3,5,7,13,1
196,44,36,15,14,3,14,16,4,2,2,1,1,3,3,1,2,1,8,3,1,8,29,77,78,50,76,44,2,150,65,42,12,44,25,116,51,14,2,2,4,1,0,0,5,20,110,158,68,1,0,0,0,1,0,0,0,8,31,41,14,3,31,23,14,2,6,20,5,5,15,10,5,4,1,1,13,15,12,5,0
190,4,77,9,21,5,16,9,0,6,1,2,0,5,1,3,0,2,16,2,1,39,65,139,79,29,66,16,1,132,106,68,38,57,8,45,142,5,11,0,2,0,4,29,92,56,41,116,95,0,0,0,0,0,1,0,0,29,15,11,8,25,18,23,28,9,13,31,17,3,5,4,8,15,1,7,3,7,2,11,0
170,34,71,15,17,7,8,9,1,4,4,3,2,2,0,6,2,1,10,4,0,15,31,74,95,96,85,11,1,177,112,48,16,28,2,82,85,19,9,3,1,0,0,7,26,27,95,161,91,0,0,0,0,0,0,1,0,9,20,12,19,23,17,12,30,6,26,19,26,1,24,16,10,14,5,7,17,7,2,10,0
229,22,53,5,7,1,5,9,3,11,3,2,5,4,2,3,2,0,3,1,0,22,23,61,66,29,27,5,1,94,50,32,14,15,4,42,51,2,9,2,0,0,0,7,30,29,25,66,75,1,0,0,0,0,0,1,0,16,14,6,5,9,8,7,4,8,13,15,9,8,1,5,7,2,2,4,5,4,1,18,0
178,33,66,12,23,5,5,9,1,3,5,3,1,5,0,2,2,1,15,1,0,36,66,168,42,17,32,16,2,167,88,22,12,53,11,59,89,5,7,1,8,0,1,14,39,32,56,145,90,0,0,0,0,0,0,1,0,15,19,11,4,9,11,22,10,9,17,8,13,2,9,4,14,4,6,3,5,0,2,11,0
267,4,45,3,2,0,1,20,0,14,0,8,0,1,2,0,1,1,1,0,0,7,30,75,13,9,7,1,4,80,24,7,4,1,2,14,36,1,4,0,2,0,0,7,18,16,15,23,59,4,0,0,0,1,0,0,0,16,3,1,1,4,4,2,3,1,1,3,3,2,6,2,0,1,6,0,0,1,2,4,0
166,31,65,18,22,8,12,9,1,4,1,3,2,2,3,1,2,4,11,5,0,10,20,56,102,112,122,34,1,200,120,50,16,29,17,101,98,8,12,2,6,0,0,9,26,45,115,169,92,0,0,0,0,0,1,0,0,28,40,21,9,25,44,12,33,12,11,28,29,6,19,3,7,13,3,18,19,6,4,9,0
177,36,48,22,18,5,16,8,1,2,3,3,4,4,2,2,2,2,9,4,2,13,37,100,89,83,100,30,1,206,97,46,29,32,18,121,76,13,9,6,5,0,0,6,26,40,125,164,91,0,0,0,0,0,1,0,0,30,28,30,11,8,13,20,12,4,9,41,6,18,8,17,30,7,6,18,13,6,4,12,0
250,4,52,1,12,1,2,17,0,7,2,5,1,8,0,4,0,2,2,0,0,26,23,99,11,15,27,2,3,54,69,24,18,14,0,14,55,0,9,1,2,0,0,14,37,27,15,38,67,5,0,0,0,0,1,0,0,10,4,6,6,3,3,5,5,7,3,19,1,3,6,4,4,7,2,1,1,0,0,3,0
263,6,47,3,3,0,0,15,0,17,1,7,3,3,0,0,0,1,1,0,0,6,37,67,26,4,4,1,1,82,29,8,0,2,0,2,36,2,5,2,1,0,0,1,26,19,11,27,57,4,0,0,0,0,1,0,0,9,2,2,4,3,1,2,3,15,5,4,4,1,3,1,4,1,1,2,4,1,3,2,0
219,36,24,14,8,6,15,19,4,5,6,0,0,1,1,0,1,2,5,2,2,5,18,62,55,65,85,53,2,127,66,27,18,39,42,169,48,5,3,0,1,0,1,0,5,20,103,146,65,3,0,0,1,0,0,0,0,16,7,3,31,1,51,9,44,2,3,11,10,21,7,3,7,24,1,3,20,2,3,1,0
279,4,35,0,3,0,1,24,0,11,0,8,0,3,0,1,0,1,0,0,0,21,17,61,7,8,1,1,7,36,48,4,2,2,0,8,27,0,3,0,4,0,0,2,21,14,6,18,47,8,0,0,0,1,0,0,0,13,3,3,0,3,4,4,2,2,0,4,1,0,2,4,4,1,2,0,0,1,0,1,0
242,22,40,7,7,1,3,17,4,4,1,7,2,4,2,1,2,0,4,0,0,8,22,46,49,33,35,6,2,67,59,13,20,9,7,36,40,5,3,1,2,0,0,2,18,22,24,56,73,4,0,0,0,0,0,1,0,8,5,15,2,7,10,5,15,8,3,6,6,11,6,6,7,6,7,2,2,1,4,10,0
252,17,34,2,5,2,10,24,0,8,0,4,3,2,1,1,0,1,1,2,1,2,10,34,38,59,43,66,8,61,41,30,13,30,53,100,47,4,3,0,2,0,0,3,16,32,76,65,56,4,0,1,0,0,0,0,0,8,16,1,3,5,13,5,76,5,4,12,1,1,3,1,1,1,3,6,22,2,0,28,0
252,18,44,4,4,0,0,16,1,8,5,9,2,3,1,3,0,0,0,0,0,22,12,74,34,6,9,1,4,66,44,14,5,5,0,13,35,3,8,0,1,0,0,3,18,18,12,43,61,3,0,0,0,0,0,1,0,6,3,5,5,4,3,7,11,7,4,2,0,2,3,5,4,3,0,2,3,2,0,2,0
250,48,17,4,2,1,0,13,9,10,8,1,2,2,1,0,1,1,0,0,0,2,2,29,11,40,30,17,2,34,48,7,6,10,2,36,16,4,1,1,0,0,0,0,0,4,22,38,62,5,0,0,0,0,1,0,0,15,7,1,4,6,6,7,5,6,3,10,5,1,4,3,1,2,1,5,3,2,3,1,1
216,51,36,5,7,6,1,8,6,9,1,7,1,4,4,1,1,4,2,0,0,4,15,60,49,41,50,10,1,127,50,21,4,2,1,46,43,8,4,1,1,0,1,0,1,18,42,81,86,0,0,0,0,1,0,0,0,13,10,23,4,10,19,2,13,8,19,5,5,5,2,4,5,2,1,7,2,3,2,4,1
249,7,53,5,6,0,2,17,1,10,0,7,1,3,0,4,0,1,4,0,0,8,48,94,23,13,7,1,1,125,33,7,3,2,0,6,46,0,8,0,4,1,0,9,25,33,21,39,61,6,0,0,0,1,0,0,0,13,4,7,4,3,14,3,1,1,2,4,4,1,2,2,6,6,2,5,1,2,2,10,0
162,33,72,14,20,9,12,9,2,2,1,4,4,4,2,1,0,1,13,3,2,34,57,116,86,69,79,17,1,184,104,58,36,43,9,126,92,11,11,2,3,0,1,12,35,47,100,172,90,1,0,0,0,0,0,1,0,50,16,13,21,9,30,16,18,7,23,22,15,17,17,7,6,12,12,5,8,6,5,6,0
232,18,56,6,6,4,0,14,2,7,1,7,4,5,1,1,1,1,4,0,0,22,45,91,33,13,10,2,3,115,53,14,2,6,2,18,57,5,5,0,3,0,0,12,32,24,14,50,83,1,0,0,0,1,0,0,0,8,5,7,14,4,23,4,11,2,0,7,2,4,3,4,5,7,1,3,1,0,6,3,1
175,37,71,16,17,2,4,9,0,3,6,1,3,4,2,2,1,3,13,1,0,31,120,123,45,22,16,1,1,251,51,21,9,2,0,33,76,8,15,3,6,0,0,18,38,33,64,112,92,1,0,0,0,0,0,1,0,19,20,11,13,12,16,15,23,4,8,12,11,10,6,5,4,7,4,2,5,2,6,19,1
237,12,49,5,12,0,7,12,0,7,2,7,3,5,3,3,1,2,2,1,0,12,52,126,34,15,14,0,2,149,53,14,11,2,0,10,58,3,14,0,5,0,1,6,48,43,31,48,74,2,0,0,0,0,1,0,0,21,4,7,6,4,3,13,5,3,11,6,4,4,3,5,10,5,0,2,4,1,2,3,0
184,56,58,12,8,2,2,9,2,6,4,6,3,2,2,3,1,4,5,1,0,10,20,62,78,55,56,5,1,143,98,9,8,4,0,53,37,7,9,3,5,0,0,0,3,12,57,117,97,0,0,0,0,0,0,1,0,12,20,10,13,15,29,15,15,5,12,15,7,2,6,6,3,2,8,5,4,6,4,9,1
198,18,68,9,19,5,5,14,2,1,0,4,1,7,1,3,0,4,9,2,0,27,45,102,74,24,52,14,3,106,92,53,22,35,6,57,92,4,11,2,0,0,1,10,42,47,44,112,80,2,0,0,0,0,0,1,0,29,10,10,9,3,10,9,29,10,10,21,13,6,10,4,13,10,1,9,1,7,5,6,0
177,23,79,11,24,1,7,9,1,3,4,2,2,4,2,0,3,2,15,1,0,67,65,142,52,18,34,9,1,148,117,36,21,33,8,37,106,8,12,0,5,0,2,22,64,49,35,121,93,1,0,0,0,0,0,1,0,25,19,12,14,8,10,13,17,7,25,15,16,16,2,3,12,7,2,3,4,2,1,11,1
299,16,6,1,0,0,0,31,10,4,2,1,0,0,0,0,0,0,0,0,0,1,3,9,12,16,14,0,9,17,8,4,2,0,0,17,1,2,1,1,0,0,0,0,1,1,3,15,22,13,0,0,0,0,1,0,0,4,1,3,2,2,2,1,1,1,3,1,6,1,1,1,2,1,0,6,3,1,1,1,0
218,64,27,12,1,0,0,10,8,5,7,7,2,1,2,1,1,2,2,0,0,2,6,34,36,42,51,11,1,79,52,14,4,9,0,49,26,6,2,1,0,0,0,0,0,4,16,82,80,0,0,0,0,0,1,0,0,18,16,5,10,6,5,9,12,3,6,3,11,2,2,2,5,1,8,6,4,3,7,3,1
229,21,43,7,14,2,6,14,2,7,1,5,2,3,2,1,2,3,3,3,0,17,58,95,67,12,21,0,3,160,57,20,3,6,0,42,38,7,8,4,7,0,0,6,18,31,62,81,72,0,0,0,0,0,1,0,0,7,8,11,5,10,19,10,7,15,5,3,5,8,6,7,5,8,1,2,27,1,1,3,0
243,31,24,7,5,3,9,16,4,10,3,2,2,1,2,0,3,0,2,3,0,4,29,61,71,23,34,7,4,125,45,13,9,10,3,71,27,7,2,0,6,0,0,0,0,11,58,110,45,5,0,0,1,0,0,0,0,4,3,19,2,11,31,5,1,8,5,7,4,1,2,2,2,19,4,2,1,12,19,3,0
268,4,41,0,8,0,1,19,1,10,0,12,0,3,0,0,0,1,2,0,0,8,25,69,19,16,11,2,4,70,35,15,2,2,2,8,42,0,7,0,1,0,0,9,26,21,6,26,58,4,0,0,0,1,0,0,0,16,2,2,6,3,1,9,1,2,2,3,6,3,3,2,5,2,0,4,4,1,0,3,0
235,5,69,0,11,1,1,16,0,7,0,7,1,6,0,4,1,3,3,0,0,25,51,112,13,11,13,1,2,104,70,26,0,2,0,7,46,3,16,0,4,0,1,10,34,34,24,42,81,0,0,0,0,0,1,0,0,10,9,5,4,5,20,8,5,5,2,7,3,4,4,5,2,4,1,3,1,1,0,5,0
197,58,45,11,6,3,2,11,5,0,8,1,6,3,2,1,3,2,6,0,0,3,11,49,54,58,79,4,1,119,84,18,4,9,0,75,44,12,2,1,0,0,1,0,3,25,36,98,94,1,0,0,0,0,1,0,0,23,16,23,15,13,10,8,16,1,8,11,6,9,6,5,3,4,8,7,2,8,5,1,1
257,39,21,2,2,0,1,15,13,7,3,2,2,2,3,0,0,0,1,0,0,3,36,44,26,9,7,2,3,83,9,4,0,5,2,26,15,3,3,0,1,0,0,0,2,4,17,44,57,3,0,0,0,0,0,1,0,7,4,2,0,3,4,3,4,4,4,3,4,4,15,2,0,5,2,1,2,1,5,3,1
262,12,38,4,5,0,1,18,0,9,3,10,1,4,0,1,1,0,1,0,0,12,39,75,12,12,2,0,2,83,36,9,0,0,0,12,30,3,8,0,2,0,0,9,17,20,12,31,58,5,0,0,0,0,1,0,0,13,4,4,3,4,5,1,2,1,2,3,2,7,1,3,6,2,3,1,2,0,2,5,0
192,7,77,2,31,4,9,10,1,4,0,6,2,4,2,1,2,2,11,2,1,106,92,191,10,0,0,0,2,186,185,4,0,0,0,27,51,5,28,3,8,3,0,0,4,129,64,102,100,0,0,0,0,0,1,0,0,8,21,9,20,19,20,15,8,15,7,10,6,8,6,1,6,2,2,2,4,1,1,16,0
206,30,63,9,11,2,1,12,1,2,3,6,3,5,3,5,0,5,3,0,0,40,97,99,27,3,4,0,2,208,30,7,1,0,0,14,46,5,14,2,7,0,1,10,22,40,29,76,92,0,0,0,0,0,0,0,1,8,15,6,5,10,11,12,10,4,6,11,8,13,6,5,8,7,7,3,3,2,0,10,1
167,97,34,19,3,2,0,8,2,3,4,3,7,6,4,3,1,3,4,0,0,6,26,75,80,55,25,1,1,168,56,17,1,2,0,67,47,12,6,1,0,0,0,0,2,7,29,131,98,1,0,0,0,0,0,0,1,16,8,19,8,10,9,12,11,13,12,7,12,3,6,5,5,11,7,4,6,1,3,4,1
230,52,28,7,4,0,1,12,9,4,7,1,4,4,1,3,1,0,2,0,0,5,7,39,52,31,38,3,3,74,37,24,15,1,0,41,25,9,2,1,0,0,0,0,1,9,15,78,67,5,0,0,0,0,1,0,0,14,6,3,9,3,8,8,11,10,2,3,18,4,5,1,7,3,4,7,4,2,1,2,1
251,5,43,6,12,1,4,23,0,3,1,7,1,3,0,1,1,3,5,0,0,25,48,88,16,11,17,8,4,104,48,16,9,12,0,22,50,2,6,1,2,1,1,4,22,26,33,57,66,4,0,0,1,0,0,0,0,3,6,2,7,6,3,2,29,6,3,20,8,0,5,6,5,2,1,1,3,0,0,6,0
237,13,61,6,4,1,0,13,0,10,1,5,4,5,3,6,1,0,0,0,0,17,22,94,20,11,26,8,2,63,36,24,10,33,8,14,63,1,5,1,0,0,1,8,31,18,18,41,79,2,0,0,0,0,1,0,0,11,8,4,3,4,12,5,8,3,6,6,7,3,1,1,3,5,1,2,0,2,3,5,0
240,27,38,8,4,1,4,13,4,9,3,5,3,3,2,2,0,0,4,0,0,6,52,69,43,13,17,6,1,136,30,7,2,5,2,43,29,1,10,3,2,0,0,0,0,11,51,80,60,4,0,0,0,1,0,0,0,10,4,8,6,1,18,4,21,3,2,8,1,15,1,4,3,2,2,6,9,1,1,6,0
183,15,65,20,20,6,13,11,0,6,1,4,1,4,1,2,2,2,11,1,2,20,19,81,79,87,87,56,2,90,88,58,55,78,36,118,108,3,7,2,2,0,0,10,42,29,90,171,86,1,0,0,0,0,1,0,0,18,22,11,17,37,53,19,19,2,10,16,19,12,10,6,10,19,3,3,9,1,7,24,0
208,8,89,3,12,0,2,9,0,10,1,7,1,5,0,5,0,4,6,0,0,15,37,107,39,24,52,6,1,90,69,48,24,20,5,13,89,2,12,0,2,0,0,12,46,44,20,61,97,0,0,0,0,0,1,0,0,16,11,10,10,17,14,7,13,5,4,17,2,1,5,1,5,6,5,2,7,1,2,11,0
